timestamp,night,role,session,input,output,cache_write,cache_read,total
2026-07-19T22:00:10+08:00,2026-07-19,Architect,2abe33ce,24,6171,28787,430915,465897
2026-07-19T22:01:47+08:00,2026-07-19,Engineer,01a4ebfe,34,5936,33247,627371,666588
2026-07-19T22:03:32+08:00,2026-07-19,Reviewer,1f587147,40,5271,25189,746687,777187
2026-07-19T22:05:32+08:00,2026-07-19,QA,a9567e0f,20,4375,22706,329335,356436
2026-07-19T22:06:51+08:00,2026-07-19,Release Manager,f10aefc8,38,5555,26581,686580,718754
2026-07-19T22:09:48+08:00,2026-07-19,Architect,fcd41aff,12,3993,26116,181858,211979
2026-07-19T22:10:51+08:00,2026-07-19,Engineer,cb000166,64,19239,59749,1949600,2028652
2026-07-19T22:14:58+08:00,2026-07-19,Reviewer,af56d5f2,32,4059,27288,568377,599756
2026-07-19T22:16:26+08:00,2026-07-19,QA,fb3b2ebe,42,6284,27809,772949,807084
2026-07-19T22:18:27+08:00,2026-07-19,Release Manager,4bf3ba1f,42,4432,25029,771272,800775
2026-07-19T22:21:08+08:00,2026-07-19,Architect,75e3fa1e,16,3708,26221,264401,294346
2026-07-19T22:22:11+08:00,2026-07-19,Engineer,201b981e,66,16236,63183,1958198,2037683
2026-07-19T22:25:53+08:00,2026-07-19,Reviewer,9e2d6625,38,7438,31454,697437,736367
2026-07-19T22:28:14+08:00,2026-07-19,QA,c34db194,10,991,9279,139074,149354
2026-07-19T22:28:43+08:00,2026-07-19,Release Manager,6cbe952d,26,2974,18536,418790,440326
2026-07-19T22:30:59+08:00,2026-07-19,Architect,c58460cc,28,6313,31345,533525,571211
2026-07-19T22:32:50+08:00,2026-07-19,Engineer,e0ba42fd,44,5911,35437,868136,909528
2026-07-19T22:34:41+08:00,2026-07-19,Reviewer,a29749e0,26,6359,22644,461839,490868
2026-07-19T22:36:28+08:00,2026-07-19,QA,d409ce86,34,5591,25508,602876,634009
2026-07-19T22:38:11+08:00,2026-07-19,Release Manager,77bff791,48,5561,23191,890096,918896
2026-07-19T22:41:11+08:00,2026-07-19,Architect,3c41da69,16,3462,28304,281858,313640
2026-07-19T22:42:10+08:00,2026-07-19,Engineer,dedcd2c6,98,22224,64355,2979627,3066304
2026-07-19T22:46:50+08:00,2026-07-19,Reviewer,8d91f530,20,3499,27339,341423,372281
2026-07-19T22:48:05+08:00,2026-07-19,QA,3e676212,34,4474,21825,587092,613425
2026-07-19T22:49:35+08:00,2026-07-19,Release Manager,76ae9145,42,5480,21362,737711,764595
2026-07-19T22:52:32+08:00,2026-07-19,Architect,042f9c05,16,3822,25675,262908,292421
2026-07-19T22:53:38+08:00,2026-07-19,Engineer,a04026ad,82,19869,66213,2269498,2355662
2026-07-19T22:58:19+08:00,2026-07-19,Reviewer,56560214,48,9501,36937,1005469,1051955
2026-07-19T23:01:07+08:00,2026-07-19,QA,96fca422,34,4479,24075,607171,635759
2026-07-19T23:02:37+08:00,2026-07-19,Release Manager,0cf47b13,34,4970,21278,589738,616020
2026-07-19T23:05:16+08:00,2026-07-19,Architect,dd4c5be1,26,4473,32432,501101,538032
2026-07-19T23:06:37+08:00,2026-07-19,Engineer,82ee5c08,54,6564,36211,1087648,1130477
2026-07-19T23:08:52+08:00,2026-07-19,Reviewer,525628c7,28,3302,21922,443313,468565
2026-07-19T23:10:09+08:00,2026-07-19,QA,a40ff599,32,4572,22489,560972,588065
2026-07-19T23:11:39+08:00,2026-07-19,Release Manager,25940e28,42,4687,22281,757027,784037
2026-07-19T23:14:25+08:00,2026-07-19,Architect,9ed3c666,30,7190,40673,671985,719878
2026-07-19T23:16:13+08:00,2026-07-19,Engineer,be883f49,26,2364,30421,449372,482183
2026-07-20T03:00:31+08:00,2026-07-19,Architect,9bf24f50,32,8080,36175,651289,695576
2026-07-20T03:02:30+08:00,2026-07-19,Engineer,46086159,56,8794,40016,1226621,1275487
2026-07-20T03:04:58+08:00,2026-07-19,Reviewer,b9fcfc6d,34,3755,16892,562245,582926
2026-07-20T03:06:24+08:00,2026-07-19,QA,027ae38a,30,3236,16811,488018,508095
2026-07-20T03:07:36+08:00,2026-07-19,Release Manager,4884b9c0,46,4965,27539,852846,885396
2026-07-20T03:10:23+08:00,2026-07-19,Architect,9fe72e95,28,4891,35498,575332,615749
2026-07-20T03:11:53+08:00,2026-07-19,Engineer,71f2d1d8,52,9897,43600,1179903,1233452
2026-07-20T03:14:15+08:00,2026-07-19,Reviewer,5df6a696,36,9868,30603,662641,703148
2026-07-20T03:16:36+08:00,2026-07-19,QA,472fe323,12,1015,10033,170608,181668
2026-07-20T03:17:03+08:00,2026-07-19,Release Manager,462d39b2,24,2760,14848,379820,397452
2026-07-20T03:19:00+08:00,2026-07-19,Architect,461569bc,20,4406,28613,337826,370865
2026-07-20T03:20:19+08:00,2026-07-19,Engineer,b009e255,52,9384,37665,1092515,1139616
2026-07-20T03:22:36+08:00,2026-07-19,Reviewer,da95fd24,22,9680,29186,431240,470128
2026-07-20T03:24:54+08:00,2026-07-19,QA,e9a770c5,34,4409,20263,601123,625829
2026-07-20T03:26:18+08:00,2026-07-19,Release Manager,d6bf7fcf,38,4673,24841,705994,735546
2026-07-20T03:28:55+08:00,2026-07-19,Architect,d14a03d6,16,5920,32440,296799,335175
2026-07-20T03:30:18+08:00,2026-07-19,Engineer,2c6b6b29,78,20736,56227,2060180,2137221
2026-07-20T03:34:53+08:00,2026-07-19,Reviewer,89ebac8c,28,4856,23299,453130,481313
2026-07-20T03:36:28+08:00,2026-07-19,QA,29554dab,12,933,9373,170105,180423
2026-07-20T03:36:56+08:00,2026-07-19,Release Manager,6f98c247,20,2162,12823,305475,320480
2026-07-20T03:38:47+08:00,2026-07-19,Architect,ad414721,34,6639,38288,709345,754306
2026-07-20T03:40:41+08:00,2026-07-19,Engineer,cacddb41,52,7492,35650,1013988,1057182
2026-07-20T03:42:58+08:00,2026-07-19,Reviewer,0762aae1,30,5468,24252,551565,581315
2026-07-20T03:44:41+08:00,2026-07-19,QA,0280e34f,30,4062,18069,504876,527037
2026-07-20T03:46:00+08:00,2026-07-19,Release Manager,07c47a4c,62,8908,38313,1316280,1363563
2026-07-20T03:49:29+08:00,2026-07-19,Architect,20e948a4,18,3386,29885,326756,360045
2026-07-20T03:50:32+08:00,2026-07-19,Engineer,406f8f5a,44,5897,33329,941704,980974
2026-07-20T03:52:10+08:00,2026-07-19,Reviewer,65a0a9ba,34,3833,23096,558992,585955
2026-07-20T03:53:32+08:00,2026-07-19,QA,a71b7899,28,3839,17539,467007,488413
2026-07-20T03:54:46+08:00,2026-07-19,Release Manager,7f65b56b,48,5109,24708,887026,916891
2026-07-20T03:57:28+08:00,2026-07-19,Architect,e86bea56,18,5259,36034,368833,410144
2026-07-20T03:58:43+08:00,2026-07-19,Engineer,95af3f38,32,3703,31854,615858,651447
2026-07-20T03:59:54+08:00,2026-07-19,Reviewer,38e482b3,20,3531,18715,295684,317950
2026-07-20T04:01:00+08:00,2026-07-19,QA,f2837c52,24,2774,14293,381634,398725
2026-07-20T04:02:02+08:00,2026-07-19,Release Manager,75f4e21c,46,5350,32232,899869,937497
2026-07-20T04:04:56+08:00,2026-07-19,Architect,175b977f,24,8702,41164,523453,573343
2026-07-20T04:06:54+08:00,2026-07-19,Engineer,5e4ffd0f,40,4914,35311,819703,859968
2026-07-20T04:08:22+08:00,2026-07-19,Reviewer,b883f479,22,2735,19272,331539,353568
2026-07-20T04:09:23+08:00,2026-07-19,QA,1b2ed68e,20,2989,16228,319155,338392
2026-07-20T04:10:18+08:00,2026-07-19,Release Manager,f142add4,58,6205,33850,1242656,1282769
2026-07-20T04:13:36+08:00,2026-07-19,Architect,331393cb,16,4505,33008,294451,331980
2026-07-20T04:14:59+08:00,2026-07-19,Engineer,202004d5,36,5179,38783,755503,799501
2026-07-20T22:00:12+08:00,2026-07-20,Architect,8aa3c2cc,20,3583,35128,397717,436448
2026-07-20T22:01:28+08:00,2026-07-20,Engineer,0b329403,108,19159,77086,3563179,3659532
2026-07-20T22:07:15+08:00,2026-07-20,Reviewer,4dbc8bcc,34,5830,31303,658944,696111
2026-07-20T22:09:10+08:00,2026-07-20,QA,3a561bf9,24,3789,16087,388857,408757
2026-07-20T22:10:27+08:00,2026-07-20,Release Manager,ed6283e2,46,6786,32063,956182,995077
2026-07-20T22:13:45+08:00,2026-07-20,Architect,a6c1b8f6,38,7881,37994,847392,893305
2026-07-20T22:16:15+08:00,2026-07-20,Engineer,45676c32,42,6313,43112,906664,956131
2026-07-20T22:18:13+08:00,2026-07-20,Reviewer,6468556f,36,4597,24834,619990,649457
2026-07-20T22:19:50+08:00,2026-07-20,QA,5e3b0e40,8,877,9707,111212,121804
2026-07-20T22:20:18+08:00,2026-07-20,Release Manager,8d601dee,28,3110,14172,441587,458897
2026-07-20T22:22:37+08:00,2026-07-20,Architect,12290b27,24,5229,35636,479242,520131
2026-07-20T22:24:19+08:00,2026-07-20,Engineer,47022bd4,44,5609,30831,822707,859191
2026-07-20T22:26:32+08:00,2026-07-20,Reviewer,f37a1581,14,1604,14701,217075,233394
2026-07-20T22:27:21+08:00,2026-07-20,QA,d47d0af9,22,3503,23718,388156,415399
2026-07-20T22:28:34+08:00,2026-07-20,Release Manager,61f0c646,64,6660,22875,1173834,1203433
2026-07-20T22:32:02+08:00,2026-07-20,Architect,8f28f0b0,26,5805,35649,536429,577909
2026-07-20T22:33:53+08:00,2026-07-20,Engineer,d0c8b903,110,25662,86149,3939701,4051622
2026-07-20T22:40:02+08:00,2026-07-20,Reviewer,bdefbe9f,18,5694,28060,267598,301370
2026-07-20T22:41:39+08:00,2026-07-20,QA,4c198474,30,4461,20453,517477,542421
2026-07-20T22:43:29+08:00,2026-07-20,Release Manager,767fbc86,62,7427,42700,1333347,1383536
2026-07-20T22:47:12+08:00,2026-07-20,Architect,2f1bc6d0,26,5967,34410,533365,573768
2026-07-20T22:48:57+08:00,2026-07-20,Engineer,2c65a894,40,7667,44794,902849,955350
2026-07-20T22:51:26+08:00,2026-07-20,Reviewer,3ed881be,18,2316,21422,275549,299305
2026-07-20T22:52:25+08:00,2026-07-20,QA,c736923c,38,5792,21432,679830,707092
2026-07-20T22:54:37+08:00,2026-07-20,Release Manager,2cb1cc0b,54,5778,32235,1071293,1109360
2026-07-20T22:58:12+08:00,2026-07-20,Architect,9e74e996,8,1565,39344,107557,148474
2026-07-21T03:29:19+08:00,2026-07-20,Engineer,6e1c088b,48,8349,33459,1024031,1065887
2026-07-21T03:31:42+08:00,2026-07-20,Reviewer,2e8040bf,26,2662,20606,405838,429132
2026-07-21T03:32:47+08:00,2026-07-20,QA,0009191c,28,3274,18251,457995,479548
2026-07-21T03:34:01+08:00,2026-07-20,Release Manager,3a0311ef,58,6815,30962,1191885,1229720
2026-07-21T03:37:28+08:00,2026-07-20,Architect,7fd32c48,32,8937,42675,737914,789558
2026-07-21T03:39:31+08:00,2026-07-20,Engineer,e16b155e,48,6801,39556,1060237,1106642
2026-07-21T03:41:27+08:00,2026-07-20,Reviewer,c0c6d372,16,2770,20568,236956,260310
2026-07-21T03:42:22+08:00,2026-07-20,QA,802058fd,20,3010,17338,329084,349452
2026-07-21T03:43:19+08:00,2026-07-20,Release Manager,b5891b50,54,5455,28953,1070169,1104631
2026-07-21T03:46:14+08:00,2026-07-20,Architect,a6346eae,24,4866,34334,495017,534241
2026-07-21T03:47:31+08:00,2026-07-20,Engineer,95e506c3,72,10922,51907,1838790,1901691
2026-07-21T03:50:23+08:00,2026-07-20,Reviewer,d2c365e6,28,4558,25314,471796,501696
2026-07-21T03:51:45+08:00,2026-07-20,QA,549e5536,18,2928,16933,288583,308462
2026-07-21T03:52:43+08:00,2026-07-20,Release Manager,80f32751,40,6560,28937,763404,798941
2026-07-21T03:55:38+08:00,2026-07-20,Architect,714a0a76,36,10102,41063,810569,861770
2026-07-21T03:58:06+08:00,2026-07-20,Engineer,27fabc20,48,6436,45102,1148337,1199923
2026-07-21T04:00:02+08:00,2026-07-20,Reviewer,4857ddbf,32,5005,26400,545944,577381
2026-07-21T04:01:31+08:00,2026-07-20,QA,c4e2164b,20,2846,15484,315426,333776
2026-07-21T04:02:31+08:00,2026-07-20,Release Manager,806e0a2c,60,6698,32156,1268807,1307721
2026-07-21T04:05:42+08:00,2026-07-20,Architect,a6078769,38,6107,41787,873849,921781
2026-07-21T04:07:24+08:00,2026-07-20,Engineer,0ce41181,58,8010,43637,1352145,1403850
2026-07-21T04:09:42+08:00,2026-07-20,Reviewer,e7611897,32,3782,21764,515838,541416
2026-07-21T04:11:03+08:00,2026-07-20,QA,9c7ae08e,30,3617,20961,511728,536336
2026-07-21T04:12:19+08:00,2026-07-20,Release Manager,97265a99,60,6338,25144,1124717,1156259
2026-07-21T04:15:28+08:00,2026-07-20,Architect,a6a50fe4,38,6405,41785,881186,929414
2026-07-21T04:17:10+08:00,2026-07-20,Engineer,f3208428,60,6835,45607,1445099,1497601
2026-07-21T04:19:20+08:00,2026-07-20,Reviewer,23358569,30,4242,26100,505095,535467
2026-07-21T04:20:43+08:00,2026-07-20,QA,383605d5,26,2928,14147,407955,425056
2026-07-21T04:21:46+08:00,2026-07-20,Release Manager,3980c9c2,78,8495,30540,1547449,1586562
2026-07-21T04:25:34+08:00,2026-07-20,Architect,c02cd6a1,44,11696,47052,1081383,1140175
2026-07-21T04:28:06+08:00,2026-07-20,Engineer,b34c8eb6,116,29044,90116,4429009,4548285
2026-07-21T04:34:10+08:00,2026-07-20,Reviewer,e9cc2c7f,24,4549,30598,441034,476205
2026-07-21T04:35:35+08:00,2026-07-20,QA,fc684212,28,3633,21593,479962,505216
2026-07-21T04:36:51+08:00,2026-07-20,Release Manager,e665c910,62,8049,45629,1493145,1546885
2026-07-21T04:40:22+08:00,2026-07-20,Architect,528d4173,38,10597,46793,937045,994473
2026-07-21T04:43:00+08:00,2026-07-20,Engineer,9aa78b55,6,470,14433,75395,90304
2026-07-21T22:00:15+08:00,2026-07-21,Architect,2581741a,20,4868,37602,384970,427460
2026-07-21T22:01:46+08:00,2026-07-21,Engineer,2b6e153d,48,6135,41127,1170430,1217740
2026-07-21T22:03:43+08:00,2026-07-21,Reviewer,0b4ee525,28,3477,21742,450718,475965
2026-07-21T22:05:05+08:00,2026-07-21,QA,0c331481,22,3486,17854,362973,384335
2026-07-21T22:06:11+08:00,2026-07-21,Release Manager,7ba3f1bf,54,6396,34712,1133278,1174440
2026-07-21T22:09:24+08:00,2026-07-21,Architect,58829c6d,34,7790,43749,762952,814525
2026-07-21T22:11:31+08:00,2026-07-21,Engineer,757f5f9d,48,7164,51352,1195372,1253936
2026-07-21T22:13:30+08:00,2026-07-21,Reviewer,dd27ac54,26,3070,23129,428179,454404
2026-07-21T22:14:39+08:00,2026-07-21,QA,f0fc6bd1,22,3122,17564,359543,380251
2026-07-21T22:15:43+08:00,2026-07-21,Release Manager,c6fe1b42,60,7724,43574,1284154,1335512
2026-07-21T22:19:28+08:00,2026-07-21,Architect,c2fe2e61,2408,5723,42900,408087,459118
2026-07-21T22:20:57+08:00,2026-07-21,Engineer,08a2f32b,48,7448,54169,1303404,1365069
2026-07-21T22:23:10+08:00,2026-07-21,Reviewer,716c2122,28,3282,24228,468835,496373
2026-07-21T22:24:32+08:00,2026-07-21,QA,11f673fc,24,3583,15482,386448,405537
2026-07-21T22:25:41+08:00,2026-07-21,Release Manager,1b62770a,56,7268,30182,1132910,1170416
2026-07-21T22:29:20+08:00,2026-07-21,Architect,e946ec17,30,5904,42162,662461,710557
2026-07-21T22:31:01+08:00,2026-07-21,Engineer,019675fe,60,8310,56404,1703111,1767885
2026-07-21T22:34:00+08:00,2026-07-21,Reviewer,681ff5fc,22,2533,21179,351973,375707
2026-07-21T22:35:12+08:00,2026-07-21,QA,4e445fc8,30,4233,20640,530146,555049
2026-07-21T22:36:36+08:00,2026-07-21,Release Manager,57977bb5,52,6302,42164,1182642,1231160
2026-07-21T22:39:49+08:00,2026-07-21,Architect,3c05f11a,110,7301,47029,654454,708894
2026-07-21T22:41:45+08:00,2026-07-21,Engineer,84ba5599,90,16058,69731,2938269,3024148
2026-07-21T22:46:11+08:00,2026-07-21,Reviewer,01fb37d9,26,3212,24169,433293,460700
2026-07-21T22:47:33+08:00,2026-07-21,QA,34501987,32,3762,18339,549121,571254
2026-07-21T22:48:50+08:00,2026-07-21,Release Manager,07b28065,56,6296,41986,1264604,1312942
2026-07-21T22:52:13+08:00,2026-07-21,Architect,f47b296f,22,4268,37750,456732,498772
2026-07-21T22:53:32+08:00,2026-07-21,Engineer,6031f388,8,893,27435,106943,135279
2026-07-22T03:24:28+08:00,2026-07-21,Reviewer,5625f83a,4,241,7963,50874,59082
2026-07-22T03:24:41+08:00,2026-07-21,QA,2f9eb014,8,504,8945,111122,120579
2026-07-22T03:24:58+08:00,2026-07-21,Release Manager,982756fc,22,1441,10813,331206,343482
2026-07-22T03:26:40+08:00,2026-07-21,Architect,58b59688,24,6244,41651,524022,571941
2026-07-22T03:28:19+08:00,2026-07-21,Engineer,0b0b8306,66,7291,37415,1333851,1378623
2026-07-22T03:30:39+08:00,2026-07-21,Reviewer,ec1482f3,24,2369,20147,371567,394107
2026-07-22T03:31:38+08:00,2026-07-21,QA,a4e40190,24,2891,15312,385675,403902
2026-07-22T03:32:39+08:00,2026-07-21,Release Manager,9be3004c,38,6522,35107,739102,780769
2026-07-22T03:35:23+08:00,2026-07-21,Architect,c27ed2e8,34,5846,41659,757403,804942
2026-07-22T03:36:58+08:00,2026-07-21,Engineer,2e10b9c7,58,9278,47825,1451756,1508917
2026-07-22T03:39:24+08:00,2026-07-21,Reviewer,f490bafd,22,3834,20733,336710,361299
2026-07-22T03:40:42+08:00,2026-07-21,QA,39fbdc62,26,2806,15709,412913,431454
2026-07-22T03:41:43+08:00,2026-07-21,Release Manager,e9aac14c,50,6310,26319,926960,959639
2026-07-22T03:44:39+08:00,2026-07-21,Architect,2e401d24,52,13710,56999,1483515,1554276
2026-07-22T03:47:48+08:00,2026-07-21,Engineer,73fb217d,100,17791,71618,3016280,3105789
2026-07-22T03:52:16+08:00,2026-07-21,Reviewer,9e88dc40,32,7978,34714,603146,645870
2026-07-22T03:54:21+08:00,2026-07-21,QA,dfb23aeb,24,2969,16462,390987,410442
2026-07-22T03:55:25+08:00,2026-07-21,Release Manager,5a108dba,66,7656,42292,1541940,1591954
2026-07-22T03:58:55+08:00,2026-07-21,Architect,e07d745c,26,3633,42208,582573,628440
2026-07-22T04:00:04+08:00,2026-07-21,Engineer,3ac4c5c2,88,17438,69634,2708563,2795723
2026-07-22T04:04:13+08:00,2026-07-21,Reviewer,97fbdd79,38,7874,32296,701042,741250
2026-07-22T04:06:17+08:00,2026-07-21,QA,88930ac4,24,3815,18115,399834,421788
2026-07-22T04:07:31+08:00,2026-07-21,Release Manager,89460b32,60,6829,23490,1095646,1126025
2026-07-22T04:10:45+08:00,2026-07-21,Architect,c09341c7,50,9479,51468,1370411,1431408
2026-07-22T04:13:22+08:00,2026-07-21,Engineer,467e4edb,56,8326,59265,1572486,1640133
2026-07-22T04:15:42+08:00,2026-07-21,Reviewer,ae559fc1,26,2620,21592,413891,438129
2026-07-22T04:16:48+08:00,2026-07-21,QA,1511a8fa,28,3269,17027,449649,469973
2026-07-22T04:18:05+08:00,2026-07-21,Release Manager,6e3fa863,56,6459,47618,1306462,1360595
2026-07-22T04:21:17+08:00,2026-07-21,Architect,cac369e6,18,4283,60471,425198,489970
2026-07-22T04:22:25+08:00,2026-07-21,Engineer,54deb3b0,100,16056,83642,3660125,3759923
2026-07-22T04:26:32+08:00,2026-07-21,Reviewer,84e26d29,20,4057,23856,337949,365882
2026-07-22T04:27:50+08:00,2026-07-21,QA,25efa5d4,32,4268,18700,534110,557110
2026-07-22T04:29:18+08:00,2026-07-21,Release Manager,2cacdd4e,26,2810,17134,421340,441310
2026-07-22T04:31:25+08:00,2026-07-21,Architect,8c5ab0be,30,7611,48397,712790,768828
2026-07-22T04:33:11+08:00,2026-07-21,Engineer,18b13bcf,58,9551,51200,1509961,1570770
2026-07-22T04:35:50+08:00,2026-07-21,Reviewer,e043c61a,8,1093,10822,112358,124281
2026-07-22T22:00:13+08:00,2026-07-22,Architect,0479765d,28,6364,47071,656597,710060
2026-07-22T22:02:09+08:00,2026-07-22,Engineer,e57ec616,12,4983,35501,174419,214915
2026-07-22T22:03:36+08:00,2026-07-22,Reviewer,4e1072cc,40,6046,32765,801826,840677
2026-07-22T22:05:48+08:00,2026-07-22,QA,d4ce6d43,8,1136,12910,111048,125102
2026-07-22T22:06:22+08:00,2026-07-22,Release Manager,f7e6c624,26,3138,20001,450438,473603
2026-07-22T22:08:57+08:00,2026-07-22,Architect,27996f9b,32,7013,47497,731431,785973
2026-07-22T22:11:01+08:00,2026-07-22,Engineer,5801abd2,50,5967,32763,984786,1023566
2026-07-22T22:13:11+08:00,2026-07-22,Reviewer,6e8dccfa,30,5118,25689,552094,582931
2026-07-22T22:14:57+08:00,2026-07-22,QA,174bce0c,40,5638,19346,687672,712696
2026-07-22T22:16:56+08:00,2026-07-22,Release Manager,3c244d0c,48,7335,35017,1034121,1076521
2026-07-22T22:20:26+08:00,2026-07-22,Architect,5fa3c01d,42,6347,46608,1054940,1107937
2026-07-22T22:22:30+08:00,2026-07-22,Engineer,40b521da,42,5335,50710,1096596,1152683
2026-07-22T22:24:16+08:00,2026-07-22,Reviewer,edc55616,16,1460,17926,230925,250327
2026-07-22T22:25:00+08:00,2026-07-22,QA,fc17e019,26,3072,18427,430192,451717
2026-07-22T22:26:08+08:00,2026-07-22,Release Manager,ae374ef4,66,9985,42040,1483186,1535277
2026-07-22T22:30:26+08:00,2026-07-22,Architect,12a146d7,30,4543,42709,679678,726960
2026-07-22T22:31:52+08:00,2026-07-22,Engineer,2b078d08,58,6811,35452,1145303,1187624
2026-07-22T22:34:05+08:00,2026-07-22,Reviewer,66bb911d,24,2596,19670,369739,392029
2026-07-22T22:35:17+08:00,2026-07-22,QA,85f76ba8,38,3907,16554,628089,648588
2026-07-22T22:36:49+08:00,2026-07-22,Release Manager,b9e87185,50,5519,38184,1069625,1113378
2026-07-22T22:40:00+08:00,2026-07-22,Architect,16dcaf71,34,5609,44281,751403,801327
2026-07-22T22:41:41+08:00,2026-07-22,Engineer,ccd42157,58,6906,32905,1121305,1161174
2026-07-22T22:43:45+08:00,2026-07-22,Reviewer,7a8f7c45,22,2244,20110,341087,363463
2026-07-22T22:44:46+08:00,2026-07-22,QA,c7538fcb,26,2691,13635,404802,421154
2026-07-22T22:45:54+08:00,2026-07-22,Release Manager,cc688961,54,6251,32699,1030930,1069934
2026-07-22T22:49:13+08:00,2026-07-22,Architect,02103b97,28,5152,43370,662785,711335
2026-07-22T22:50:40+08:00,2026-07-22,Engineer,e3624bcc,78,10476,40933,1661519,1713006
2026-07-22T22:53:50+08:00,2026-07-22,Reviewer,6d4ad18d,24,3241,21883,376776,401924
2026-07-22T22:54:58+08:00,2026-07-22,QA,37a8742b,34,4023,16207,555987,576251
2026-07-22T22:56:20+08:00,2026-07-22,Release Manager,cb3b454a,36,3256,18647,586695,608634
2026-07-23T03:29:23+08:00,2026-07-22,Engineer,89b18d73,72,9734,37840,1593547,1641193
2026-07-23T03:32:16+08:00,2026-07-22,Reviewer,d6b70b29,20,2299,19914,304376,326609
2026-07-23T03:33:11+08:00,2026-07-22,QA,4ad7404a,30,4409,17507,500932,522878
2026-07-23T03:34:41+08:00,2026-07-22,Release Manager,98d9a61a,38,4630,17867,635535,658070
2026-07-23T03:37:14+08:00,2026-07-22,Architect,95673a5e,2464,16718,71189,2612000,2702371
2026-07-23T03:41:14+08:00,2026-07-22,Engineer,747c22df,76,9648,44005,1684611,1738340
2026-07-23T03:44:02+08:00,2026-07-22,Reviewer,556ed3f1,22,2870,23063,354788,380743
2026-07-23T03:45:08+08:00,2026-07-22,QA,cab23349,26,2812,16534,420350,439722
2026-07-23T03:46:18+08:00,2026-07-22,Release Manager,da4b9cc4,56,7861,30477,1070228,1108622
2026-07-23T03:49:39+08:00,2026-07-22,Architect,cd0eedc7,36,7256,55113,971122,1033527
2026-07-23T03:51:31+08:00,2026-07-22,Engineer,0225a50a,78,18023,76912,2383039,2478052
2026-07-23T03:55:32+08:00,2026-07-22,Reviewer,7e22ee4d,42,5840,29814,797967,833663
2026-07-23T03:57:20+08:00,2026-07-22,QA,b486da94,389,1367,10381,142796,154933
2026-07-23T03:57:48+08:00,2026-07-22,Release Manager,2291f959,24,4144,16767,388592,409527
2026-07-23T04:00:11+08:00,2026-07-22,Architect,41c11315,26,4757,36791,525749,567323
2026-07-23T04:01:38+08:00,2026-07-22,Engineer,336c448d,34,3583,29228,625560,658405
2026-07-23T04:02:58+08:00,2026-07-22,Reviewer,1fa3db8f,22,2260,19052,375911,397245
2026-07-23T04:03:58+08:00,2026-07-22,QA,6b8eb8cb,26,3633,16978,425852,446489
2026-07-23T04:05:12+08:00,2026-07-22,Release Manager,6659f11e,46,6445,22993,816851,846335
2026-07-23T04:08:16+08:00,2026-07-22,Architect,8c3f7fd1,28,7366,49344,709867,766605
2026-07-23T04:10:22+08:00,2026-07-22,Engineer,a7d99556,76,8196,39677,1605359,1653308
2026-07-23T04:12:59+08:00,2026-07-22,Reviewer,12ffa396,22,2407,20859,348547,371835
2026-07-23T04:14:04+08:00,2026-07-22,QA,fa3133a8,30,4017,22322,519099,545468
2026-07-23T04:15:18+08:00,2026-07-22,Release Manager,6fceccd3,44,5458,21447,757912,784861
2026-07-23T04:18:16+08:00,2026-07-22,Architect,642b86aa,48,13805,57126,1345643,1416622
2026-07-23T04:21:28+08:00,2026-07-22,Engineer,20104eb5,44,8346,59034,1195996,1263420
2026-07-23T04:23:34+08:00,2026-07-22,Reviewer,7de239dd,24,2668,21385,384181,408258
2026-07-23T04:24:43+08:00,2026-07-22,QA,9ff1769d,24,2755,18414,398837,420030
2026-07-23T04:25:41+08:00,2026-07-22,Release Manager,c5a4b4d5,44,5016,21539,782993,809592
2026-07-23T04:28:26+08:00,2026-07-22,Architect,5fcfcd47,108,20234,68911,3388667,3477920
2026-07-23T04:33:32+08:00,2026-07-22,Engineer,44a8a25f,64,11572,55717,1795054,1862407
2026-07-23T04:36:34+08:00,2026-07-22,Reviewer,ecc42515,44,6989,33863,833757,874653
2026-07-23T04:38:37+08:00,2026-07-22,QA,e39ab2e2,8,1180,9782,111144,122114
2026-07-23T04:38:59+08:00,2026-07-22,Release Manager,4d7ab9fc,30,3059,17652,500488,521229
2026-07-23T04:41:10+08:00,2026-07-22,Architect,a547786f,2408,6168,47730,431173,487479
2026-07-23T04:42:48+08:00,2026-07-22,Engineer,deafb532,40,4680,23967,751193,779880
2026-07-23T22:00:14+08:00,2026-07-23,Architect,8122d3ca,18,8680,48360,370635,427693
2026-07-23T22:02:28+08:00,2026-07-23,Engineer,32d2997f,66,8453,34299,1437656,1480474
2026-07-23T22:05:19+08:00,2026-07-23,Reviewer,28a43cac,26,4454,26529,453294,484303
2026-07-23T22:06:49+08:00,2026-07-23,QA,c1cbf30b,30,4847,24200,528921,557998
2026-07-23T22:08:31+08:00,2026-07-23,Release Manager,6851548f,62,9198,37536,1381540,1428336
2026-07-23T22:12:27+08:00,2026-07-23,Architect,f2f00ee3,30,4720,47157,761746,813653
2026-07-23T22:13:59+08:00,2026-07-23,Engineer,a2b2ce02,62,8703,50535,1635822,1695122
2026-07-23T22:16:51+08:00,2026-07-23,Reviewer,4cc081ef,22,5349,23292,342325,370988
2026-07-23T22:18:33+08:00,2026-07-23,QA,ac2c33be,44,8658,31297,839137,879136
2026-07-23T22:21:12+08:00,2026-07-23,Release Manager,72a20b13,24,3040,17966,398844,419874
2026-07-23T22:23:28+08:00,2026-07-23,Architect,1f372ac6,50,10712,81745,1864678,1957185
2026-07-23T22:26:31+08:00,2026-07-23,Engineer,4878617b,50,9906,38236,1057719,1105911
2026-07-23T22:29:21+08:00,2026-07-23,Reviewer,3bf3f2f5,22,4080,18092,364676,386870
2026-07-23T22:30:41+08:00,2026-07-23,QA,f3177599,22,3864,17401,365880,387167
2026-07-23T22:31:54+08:00,2026-07-23,Release Manager,72149879,46,6621,49107,1083253,1139027
2026-07-23T22:35:02+08:00,2026-07-23,Architect,a07c3e54,2418,4999,47368,735807,790592
2026-07-23T22:36:32+08:00,2026-07-23,Engineer,f6cb687a,78,9707,44180,1738731,1792696
2026-07-23T22:39:48+08:00,2026-07-23,Reviewer,29c502cf,22,3659,24420,357586,385687
2026-07-23T22:40:59+08:00,2026-07-23,QA,3b21ab5a,28,3401,15891,451640,470960
2026-07-23T22:42:17+08:00,2026-07-23,Release Manager,bc3700f5,88,11206,33966,1861681,1906941
2026-07-23T22:46:46+08:00,2026-07-23,Architect,8107ca08,131,6824,47579,658784,713318
2026-07-23T22:48:48+08:00,2026-07-23,Engineer,9942a1d5,52,5762,34723,980797,1021334
2026-07-23T22:50:59+08:00,2026-07-23,Reviewer,bf863dfd,28,2774,20748,440548,464098
2026-07-23T22:52:14+08:00,2026-07-23,QA,f44fb271,28,2828,19961,477103,499920
2026-07-23T22:53:28+08:00,2026-07-23,Release Manager,b51b4fc1,62,8129,42312,1438535,1489038
2026-07-23T22:57:15+08:00,2026-07-23,Architect,667856ab,30,5066,46823,727128,779047
2026-07-23T22:58:58+08:00,2026-07-23,Engineer,9961dec6,82,9410,50057,1902605,1962154
2026-07-23T23:02:12+08:00,2026-07-23,Reviewer,99e6d117,24,2625,20051,371263,393963
2026-07-23T23:03:23+08:00,2026-07-23,QA,3f44ee31,24,3128,16423,387702,407277
2026-07-23T23:04:37+08:00,2026-07-23,Release Manager,18a9f2b2,66,7036,27620,1296394,1331116
2026-07-23T23:08:02+08:00,2026-07-23,Architect,fd211fa7,50,9841,51952,1323976,1385819
2026-07-23T23:10:48+08:00,2026-07-23,Engineer,14da32d3,54,8213,63000,1598344,1669611
2026-07-23T23:13:15+08:00,2026-07-23,Reviewer,2a5e198d,30,3322,22751,485154,511257
2026-07-23T23:14:33+08:00,2026-07-23,QA,40bbdd05,20,3322,17544,326487,347373
2026-07-23T23:15:35+08:00,2026-07-23,Release Manager,b61b9f67,52,5693,37467,1142065,1185277
2026-07-23T23:18:33+08:00,2026-07-23,Architect,496031d0,46,7877,47921,1165813,1221657
2026-07-23T23:20:46+08:00,2026-07-23,Engineer,a1f2aa89,66,16877,44658,1486203,1547804
2026-07-23T23:24:31+08:00,2026-07-23,Reviewer,df8626e0,26,3228,21757,407142,432153
2026-07-23T23:25:48+08:00,2026-07-23,QA,8a6a092f,36,5229,24375,651208,680848
2026-07-23T23:27:33+08:00,2026-07-23,Release Manager,6e28dc10,56,6564,30304,1135722,1172646
2026-07-23T23:30:49+08:00,2026-07-23,Architect,463a16d0,66,11779,57369,1833568,1902782
2026-07-23T23:35:21+08:00,2026-07-23,Engineer,00abc3f1,132,22302,76070,4155948,4254452
2026-07-23T23:41:15+08:00,2026-07-23,Reviewer,6d45ddd6,24,5215,27239,426838,459316
2026-07-23T23:42:42+08:00,2026-07-23,QA,3ee040f5,28,3952,22055,492734,518769
2026-07-23T23:43:54+08:00,2026-07-23,Release Manager,c0aa700f,52,6146,41679,1159609,1207486
2026-07-23T23:46:49+08:00,2026-07-23,Architect,d2538f69,16,7010,47381,317163,371570
2026-07-24T03:18:50+08:00,2026-07-23,Engineer,8ce2f85a,70,10660,41091,1585480,1637301
2026-07-24T03:21:50+08:00,2026-07-23,Reviewer,161a8ebd,26,2852,21862,413512,438252
2026-07-24T03:23:19+08:00,2026-07-23,QA,de943bfc,28,2809,20116,476025,498978
2026-07-24T03:24:24+08:00,2026-07-23,Release Manager,a0395328,64,6862,25313,1212645,1244884
2026-07-24T03:27:48+08:00,2026-07-23,Architect,00fb06b7,46,8570,54369,1117798,1180783
2026-07-24T03:30:01+08:00,2026-07-23,Engineer,2c48eb9d,108,16510,81381,3680566,3778565
2026-07-24T03:34:39+08:00,2026-07-23,Reviewer,e585109f,38,6594,33229,710254,750115
2026-07-24T03:36:29+08:00,2026-07-23,QA,ea14eaa2,36,4860,19881,622394,647171
2026-07-24T03:38:04+08:00,2026-07-23,Release Manager,d55ed17e,42,6429,26535,780986,813992
2026-07-24T03:40:55+08:00,2026-07-23,Architect,7d373952,32,4483,47110,754970,806595
2026-07-24T03:42:22+08:00,2026-07-23,Engineer,8f3f4a0a,54,6595,35246,1034073,1075968
2026-07-24T03:44:27+08:00,2026-07-23,Reviewer,a2dbe69e,22,1987,19561,336424,357994
2026-07-24T03:45:23+08:00,2026-07-23,QA,e8b8d628,28,3795,20786,471226,495835
2026-07-24T03:47:00+08:00,2026-07-23,Release Manager,faf47cf0,58,5960,22830,1053995,1082843
2026-07-24T03:50:06+08:00,2026-07-23,Architect,58fedd45,30,8320,53893,792435,854678
2026-07-24T03:52:03+08:00,2026-07-23,Engineer,a4c554f8,54,7045,53726,1496011,1556836
2026-07-24T03:54:16+08:00,2026-07-23,Reviewer,f0d068fd,32,3552,24146,526595,554325
2026-07-24T03:55:35+08:00,2026-07-23,QA,d2a75be1,24,3702,23178,426714,453618
2026-07-24T03:56:43+08:00,2026-07-23,Release Manager,1477b53e,56,6477,30011,1092606,1129150
2026-07-24T03:59:55+08:00,2026-07-23,Architect,6bebf8cb,28,5302,51691,731052,788073
2026-07-24T04:01:27+08:00,2026-07-23,Engineer,19474eb5,112,19916,86008,4303793,4409829
2026-07-24T04:06:08+08:00,2026-07-23,Reviewer,389ba14a,52,10439,35582,1040249,1086322
2026-07-24T04:08:54+08:00,2026-07-23,QA,fc15411a,10,940,9930,142164,153044
2026-07-24T04:09:19+08:00,2026-07-23,Release Manager,035a377d,26,3359,17320,421154,441859
2026-07-24T04:11:31+08:00,2026-07-23,Architect,2b8be733,36,4652,49027,776607,830322
2026-07-24T04:13:04+08:00,2026-07-23,Engineer,fd96da20,38,4288,23961,703891,732178
2026-07-24T04:14:25+08:00,2026-07-23,Reviewer,014e5f50,30,3577,20785,519585,543977
2026-07-24T04:15:48+08:00,2026-07-23,QA,291b2d50,28,4249,19835,489348,513460
2026-07-24T04:17:02+08:00,2026-07-23,Release Manager,5ff27229,50,6491,51316,1209247,1267104
2026-07-24T04:20:12+08:00,2026-07-23,Architect,2a446c0d,30,3856,45249,694083,743218
2026-07-24T04:21:27+08:00,2026-07-23,Engineer,504ca754,54,7298,36061,1100434,1143847
2026-07-24T04:23:33+08:00,2026-07-23,Reviewer,8eca01ac,24,3964,23361,386404,413753
2026-07-24T04:24:59+08:00,2026-07-23,QA,49f44c72,34,4076,22659,612680,639449
2026-07-24T04:26:24+08:00,2026-07-23,Release Manager,1bf58d83,54,6469,30000,1016961,1053484
2026-07-24T04:29:41+08:00,2026-07-23,Architect,fd7f3d34,34,3952,44852,778392,827230
2026-07-24T04:31:02+08:00,2026-07-23,Engineer,f5c1812d,44,8818,68719,1236260,1313841
2026-07-24T22:00:17+08:00,2026-07-24,Architect,ce14689b,48,13568,57029,1328950,1399595
2026-07-24T22:03:40+08:00,2026-07-24,Engineer,9cf37573,68,10754,61744,2044103,2116669
2026-07-24T22:06:43+08:00,2026-07-24,Reviewer,cc6180ad,42,6932,23945,770761,801680
2026-07-24T22:09:04+08:00,2026-07-24,QA,41a1497e,32,3619,17658,527425,548734
2026-07-24T22:10:26+08:00,2026-07-24,Release Manager,7d6790cd,64,7344,46286,1546095,1599789
2026-07-24T22:14:05+08:00,2026-07-24,Architect,5e9a6377,34,8117,77476,1118778,1204405
2026-07-24T22:16:20+08:00,2026-07-24,Engineer,587eebdc,64,6921,37349,1283032,1327366
2026-07-24T22:18:35+08:00,2026-07-24,Reviewer,bb9d4081,26,2370,19979,402728,425103
2026-07-24T22:19:34+08:00,2026-07-24,QA,47cd606e,28,3406,17631,466952,488017
2026-07-24T22:20:55+08:00,2026-07-24,Release Manager,ec757f22,74,7812,27600,1463891,1499377
2026-07-24T22:24:43+08:00,2026-07-24,Architect,cc2991f4,32,5372,50796,789231,845431
2026-07-24T22:26:29+08:00,2026-07-24,Engineer,cf3dd7b7,70,9317,42628,1477745,1529760
2026-07-24T22:29:15+08:00,2026-07-24,Reviewer,5f89ef2d,20,3067,21935,320602,345624
2026-07-24T22:30:21+08:00,2026-07-24,QA,36559f48,24,2794,18020,397445,418283
2026-07-24T22:31:33+08:00,2026-07-24,Release Manager,35ec7bb0,70,7683,31339,1429047,1468139
2026-07-24T22:35:17+08:00,2026-07-24,Architect,4f1abd1e,24,4995,48505,594609,648133
2026-07-24T22:36:44+08:00,2026-07-24,Engineer,e3b63013,50,5748,32925,947605,986328
2026-07-24T22:38:42+08:00,2026-07-24,Reviewer,2653ee5f,40,4400,24624,676045,705109
2026-07-24T22:40:27+08:00,2026-07-24,QA,b207576c,22,2391,19199,361465,383077
2026-07-24T22:41:30+08:00,2026-07-24,Release Manager,c770c3fd,60,6138,24738,1122873,1153809
2026-07-24T22:44:53+08:00,2026-07-24,Architect,f294f64c,38,10376,56664,1020141,1087219
2026-07-24T22:47:16+08:00,2026-07-24,Engineer,f4ead2b3,68,9458,62111,2063150,2134787
2026-07-24T22:50:05+08:00,2026-07-24,Reviewer,8a528e1e,26,2877,23621,423390,449914
2026-07-24T22:51:19+08:00,2026-07-24,QA,fb31f194,26,3132,14330,411428,428916
2026-07-24T22:52:38+08:00,2026-07-24,Release Manager,4dbf645b,64,6868,29171,1259589,1295692
2026-07-24T22:56:08+08:00,2026-07-24,Architect,69c62a22,2,207,13560,15863,29632
2026-07-25T03:26:52+08:00,2026-07-24,Engineer,30367dc0,88,14123,41461,2054257,2109929
2026-07-25T03:31:04+08:00,2026-07-24,Reviewer,31365cbf,8,595,14866,105501,120970
2026-07-25T03:31:24+08:00,2026-07-24,QA,30d116ee,6,495,8375,80624,89500
2026-07-25T03:31:43+08:00,2026-07-24,Release Manager,7f6f3846,34,5035,23357,608807,637233
2026-07-25T03:34:22+08:00,2026-07-24,Architect,04df7170,38,11272,58734,1050944,1120988
2026-07-25T03:37:28+08:00,2026-07-24,Engineer,8b22293e,230,58321,134473,10652848,10845872
2026-07-25T03:51:47+08:00,2026-07-24,Reviewer,052d8037,6,657,15123,75658,91444
2026-07-25T03:52:06+08:00,2026-07-24,QA,8494a3f4,8,904,9396,111345,121653
2026-07-25T03:52:28+08:00,2026-07-24,Release Manager,a928455f,20,3014,14891,320984,338909
2026-07-25T03:54:37+08:00,2026-07-24,Architect,e172c201,46,14647,64494,1345409,1424596
2026-07-25T03:58:21+08:00,2026-07-24,Engineer,c2c57660,24,4966,23444,396256,424690
2026-07-25T03:59:53+08:00,2026-07-24,Reviewer,7c0d285c,26,2761,23104,422327,448218
2026-07-25T04:01:00+08:00,2026-07-24,QA,fb40b532,30,3654,19390,505527,528601
2026-07-25T04:02:18+08:00,2026-07-24,Release Manager,fc39e734,62,7806,47183,1602440,1657491
2026-07-25T04:05:45+08:00,2026-07-24,Architect,b0fcf9ae,28,6120,54487,744803,805438
2026-07-25T04:07:29+08:00,2026-07-24,Engineer,9443cb1c,38,5317,33142,734653,773150
2026-07-25T04:09:16+08:00,2026-07-24,Reviewer,b300a30a,52,13298,46316,1281778,1341444
2026-07-25T04:12:31+08:00,2026-07-24,QA,7ccbb046,38,4879,21093,664335,690345
2026-07-25T04:14:27+08:00,2026-07-24,Release Manager,0f71935c,60,7316,35603,1296607,1339586
2026-07-25T04:17:54+08:00,2026-07-24,Architect,e267c433,40,10225,59884,1124777,1194926
2026-07-25T04:20:57+08:00,2026-07-24,Engineer,1b1f0acd,132,18545,59376,3466151,3544204
2026-07-25T04:25:58+08:00,2026-07-24,Reviewer,d8be2ff0,28,4810,29495,509195,543528
2026-07-25T04:27:28+08:00,2026-07-24,QA,e259e3c2,34,4049,18464,578538,601085
2026-07-25T04:28:49+08:00,2026-07-24,Release Manager,6261ef03,52,6257,48113,1254970,1309392
2026-07-25T04:31:50+08:00,2026-07-24,Architect,0a5e2823,2422,8131,54621,847189,912363
2026-07-25T04:34:02+08:00,2026-07-24,Engineer,8256fdc7,66,8186,37336,1414924,1460512
2026-07-25T04:36:33+08:00,2026-07-24,Reviewer,1718de1b,30,3766,23118,490781,517695
2026-07-25T04:37:53+08:00,2026-07-24,QA,bf6d93ab,24,3431,18204,405161,426820
2026-07-25T04:38:59+08:00,2026-07-24,Release Manager,c4f797c9,64,6813,31221,1265969,1304067
2026-07-25T04:42:22+08:00,2026-07-24,Architect,8b947b59,16,2240,43540,306367,352163
2026-07-25T22:00:14+08:00,2026-07-25,Architect,0f56b68e,26,4840,51109,625509,681484
2026-07-25T22:01:59+08:00,2026-07-25,Engineer,cd4c4afd,72,8222,41992,1614782,1665068
2026-07-25T22:04:36+08:00,2026-07-25,Reviewer,8ab184f1,20,2216,20205,305244,327685
2026-07-25T22:05:38+08:00,2026-07-25,QA,499ba19b,24,2685,16306,391655,410670
2026-07-25T22:06:38+08:00,2026-07-25,Release Manager,757d48e1,58,6739,42449,1324157,1373403
2026-07-25T22:10:06+08:00,2026-07-25,Architect,9ab87c45,42,9507,58974,1184682,1253205
2026-07-25T22:12:39+08:00,2026-07-25,Engineer,ca7587c6,66,11154,47766,1571872,1630858
2026-07-25T22:15:49+08:00,2026-07-25,Reviewer,73939955,18,4795,30249,326558,361620
2026-07-25T22:17:19+08:00,2026-07-25,QA,45ead4e6,28,3631,21925,488418,514002
2026-07-25T22:18:37+08:00,2026-07-25,Release Manager,6568e840,66,7231,33132,1358866,1399295
2026-07-25T22:22:34+08:00,2026-07-25,Architect,e7847276,32,6073,54766,778950,839821
2026-07-25T22:24:35+08:00,2026-07-25,Engineer,74132554,72,8735,58896,2049486,2117189
2026-07-25T22:27:56+08:00,2026-07-25,Reviewer,500b4c0b,24,2337,20609,376596,399566
2026-07-25T22:28:55+08:00,2026-07-25,QA,91fd4d3f,32,3527,20890,548526,572975
2026-07-25T22:30:22+08:00,2026-07-25,Release Manager,9bb68c10,60,6113,27418,1156848,1190439
2026-07-25T22:33:32+08:00,2026-07-25,Architect,642578a4,32,6178,56402,862037,924649
2026-07-25T22:35:38+08:00,2026-07-25,Engineer,c56dc276,56,8692,35274,1128665,1172687
2026-07-25T22:38:37+08:00,2026-07-25,Reviewer,b561d15f,28,3073,22380,453250,478731
2026-07-25T22:40:05+08:00,2026-07-25,QA,7c2fbafe,28,3278,16790,457761,477857
2026-07-25T22:41:33+08:00,2026-07-25,Release Manager,ce424ba4,48,5884,40921,1071534,1118387
2026-07-25T22:44:41+08:00,2026-07-25,Architect,498a3b2b,36,7159,59492,981886,1048573
2026-07-25T22:46:40+08:00,2026-07-25,Engineer,5a94966c,62,11311,46547,1463798,1521718
2026-07-25T22:49:42+08:00,2026-07-25,Reviewer,281e3e22,34,3600,26745,598372,628751
2026-07-25T22:51:10+08:00,2026-07-25,QA,cee7339a,36,4427,18848,612080,635391
2026-07-25T22:52:48+08:00,2026-07-25,Release Manager,5a9aa02f,64,6922,29218,1254411,1290615
2026-07-25T22:56:15+08:00,2026-07-25,Architect,7cd861fe,30,8914,56208,799777,864929
2026-07-25T22:58:17+08:00,2026-07-25,Engineer,d684a4f9,72,9878,43428,1586049,1639427
2026-07-25T23:01:15+08:00,2026-07-25,Reviewer,6278a621,28,3360,22982,467257,493627
2026-07-25T23:02:33+08:00,2026-07-25,QA,2bb416b9,28,3447,16508,456416,476399
2026-07-25T23:03:48+08:00,2026-07-25,Release Manager,6738be53,58,6798,31648,1153405,1191909
2026-07-25T23:07:19+08:00,2026-07-25,Architect,be49154d,2738,8266,57934,710308,779246
2026-07-25T23:09:22+08:00,2026-07-25,Engineer,e93d3112,68,7929,38940,1412887,1459824
2026-07-25T23:11:50+08:00,2026-07-25,Reviewer,ff329ad0,20,2164,18450,299612,320246
2026-07-25T23:12:47+08:00,2026-07-25,QA,4e831acc,30,4140,22556,548839,575565
2026-07-25T23:14:09+08:00,2026-07-25,Release Manager,d000fe57,52,6277,49463,1336491,1392283
2026-07-25T23:17:25+08:00,2026-07-25,Architect,71e10b5f,24,8568,58513,613332,680437
2026-07-26T03:20:00+08:00,2026-07-25,Engineer,87f819ed,78,11685,39191,1836469,1887423
2026-07-26T03:23:24+08:00,2026-07-25,Reviewer,5a4ea81a,26,2560,21623,423992,448201
2026-07-26T03:24:25+08:00,2026-07-25,QA,7c2ba971,24,4256,21522,421935,447737
2026-07-26T03:25:45+08:00,2026-07-25,Release Manager,cfe1a0f8,60,8319,55425,1594879,1658683
2026-07-26T03:29:24+08:00,2026-07-25,Architect,8d2594b4,24,6731,53975,600210,660940
2026-07-26T03:31:28+08:00,2026-07-25,Engineer,879028a6,78,14962,54596,2033967,2103603
2026-07-26T03:34:53+08:00,2026-07-25,Reviewer,9f475fc8,30,3805,27624,520036,551495
2026-07-26T03:36:20+08:00,2026-07-25,QA,a03605f6,24,3056,15992,383552,402624
2026-07-26T03:37:26+08:00,2026-07-25,Release Manager,4ad1bd85,58,8369,27278,1127321,1163026
2026-07-26T03:40:55+08:00,2026-07-25,Architect,b1f87a28,32,5765,57829,909868,973494
2026-07-26T03:42:32+08:00,2026-07-25,Engineer,062a386e,56,6910,35735,1150835,1193536
2026-07-26T03:44:51+08:00,2026-07-25,Reviewer,07a1a9ee,32,3160,23616,524427,551235
2026-07-26T03:46:00+08:00,2026-07-25,QA,03d3c67f,26,3764,17672,425509,446971
2026-07-26T03:47:10+08:00,2026-07-25,Release Manager,53f9a301,54,7459,56988,1464171,1528672
2026-07-26T03:50:39+08:00,2026-07-25,Architect,38fe5e4a,2426,8743,59564,1063704,1134437
2026-07-26T03:52:50+08:00,2026-07-25,Engineer,952b7009,52,7311,34436,1013194,1054993
2026-07-26T03:54:59+08:00,2026-07-25,Reviewer,2435f68d,30,3848,23770,497956,525604
2026-07-26T03:56:18+08:00,2026-07-25,QA,20aca89b,30,3445,18184,500192,521851
2026-07-26T03:57:35+08:00,2026-07-25,Release Manager,50b16a5a,48,6567,30143,964293,1001051
2026-07-26T04:00:45+08:00,2026-07-25,Architect,4d6c9d91,46,10073,65009,1398754,1473882
2026-07-26T04:03:26+08:00,2026-07-25,Engineer,ab713865,62,8752,39723,1251087,1299624
2026-07-26T04:06:00+08:00,2026-07-25,Reviewer,470f9b92,18,2471,21285,270382,294156
2026-07-26T04:06:50+08:00,2026-07-25,QA,80e48dbc,26,3045,16185,414953,434209
2026-07-26T04:07:56+08:00,2026-07-25,Release Manager,5ae88cd4,48,5514,49291,1151744,1206597
2026-07-26T04:11:09+08:00,2026-07-25,Architect,6474e31f,36,10561,61974,1082089,1154660
2026-07-26T04:13:39+08:00,2026-07-25,Engineer,4ade8985,62,8861,37750,1254998,1301671
2026-07-26T04:16:08+08:00,2026-07-25,Reviewer,952d14b8,36,3911,25019,607083,636049
2026-07-26T04:17:56+08:00,2026-07-25,QA,eb71126b,26,3082,19305,460069,482482
2026-07-26T04:19:07+08:00,2026-07-25,Release Manager,f4b07553,70,7791,30108,1446572,1484541
2026-07-26T04:22:41+08:00,2026-07-25,Architect,5b51eb14,54,15993,88764,2107946,2212757
2026-07-26T04:26:26+08:00,2026-07-25,Engineer,46a996bb,68,9016,44161,1415119,1468364
2026-07-26T04:28:58+08:00,2026-07-25,Reviewer,4ca18cf9,26,2588,22378,424224,449216
2026-07-26T04:30:03+08:00,2026-07-25,QA,e3cf2b90,30,3379,17468,492379,513256
2026-07-26T04:31:15+08:00,2026-07-25,Release Manager,28a47a2c,54,7073,51765,1311219,1370111
2026-07-26T22:00:13+08:00,2026-07-26,Architect,57036311,30,6308,59125,764968,830431
2026-07-26T22:02:09+08:00,2026-07-26,Engineer,9c6f392c,132,20259,68387,3895694,3984472
2026-07-26T22:07:42+08:00,2026-07-26,Reviewer,25542ce9,26,4219,26892,441459,472596
2026-07-26T22:09:12+08:00,2026-07-26,QA,b6227845,24,2899,16438,386832,406193
2026-07-26T22:10:21+08:00,2026-07-26,Release Manager,c9b93bf5,54,6388,51778,1411848,1470068
2026-07-26T22:13:52+08:00,2026-07-26,Architect,f3d28c7c,24,3989,56750,629657,690420
2026-07-26T22:15:13+08:00,2026-07-26,Engineer,c1454928,52,8388,60758,1538071,1607269
2026-07-26T22:17:48+08:00,2026-07-26,Reviewer,a90b6b7f,24,3016,24899,403101,431040
2026-07-26T22:19:07+08:00,2026-07-26,QA,bb49f4ab,32,3246,18433,539579,561290
2026-07-26T22:20:30+08:00,2026-07-26,Release Manager,b7fd232c,66,7488,30513,1321606,1359673
2026-07-26T22:24:15+08:00,2026-07-26,Architect,bfd68bf2,24,3442,49577,614515,667558
2026-07-26T22:25:33+08:00,2026-07-26,Engineer,965ecf5e,70,9061,39272,1465114,1513517
2026-07-26T22:28:34+08:00,2026-07-26,Reviewer,d6f62a75,26,2831,20940,414632,438429
2026-07-26T22:29:59+08:00,2026-07-26,QA,495a304d,28,3676,18005,470090,491799
2026-07-26T22:31:18+08:00,2026-07-26,Release Manager,f3961637,46,4686,46776,1036317,1087825
2026-07-26T22:34:13+08:00,2026-07-26,Architect,4025a7f7,34,5233,57822,906900,969989
2026-07-26T22:36:05+08:00,2026-07-26,Engineer,46694596,102,21306,110458,4750643,4882509
2026-07-26T22:42:00+08:00,2026-07-26,Reviewer,5ebdc85a,46,7342,33430,892638,933456
2026-07-26T22:44:50+08:00,2026-07-26,QA,bf00df85,72,4784,20590,528764,554210
2026-07-26T22:46:21+08:00,2026-07-26,Release Manager,b17598a1,54,6595,27656,1045551,1079856
2026-07-26T22:49:35+08:00,2026-07-26,Architect,087c2e67,38,8388,57030,1005156,1070612
2026-07-26T22:51:50+08:00,2026-07-26,Engineer,617d0625,46,5701,58349,1288964,1353060
2026-07-26T22:53:59+08:00,2026-07-26,Reviewer,5aad81b4,28,3323,23480,462120,488951
2026-07-26T22:55:20+08:00,2026-07-26,QA,5914d0fc,26,3125,20485,447774,471410
2026-07-26T22:56:29+08:00,2026-07-26,Release Manager,466285e3,76,7481,31444,1518000,1557001
2026-07-26T23:00:21+08:00,2026-07-26,Architect,5c2f421a,26,5093,58357,690026,753502
2026-07-26T23:02:11+08:00,2026-07-26,Engineer,3977a3c7,58,7733,36549,1162843,1207183
2026-07-26T23:04:40+08:00,2026-07-26,Reviewer,2845bfcc,26,4091,22681,422705,449503
2026-07-26T23:05:59+08:00,2026-07-26,QA,318b4bac,30,3238,16067,489722,509057
2026-07-26T23:07:15+08:00,2026-07-26,Release Manager,2cb52a6e,62,6705,25127,1167752,1199646
2026-07-26T23:10:49+08:00,2026-07-26,Architect,5a9a7a3a,30,8763,58075,824325,891193
2026-07-26T23:13:00+08:00,2026-07-26,Engineer,4004f906,114,20559,67769,3166740,3255182
2026-07-27T03:18:44+08:00,2026-07-26,Reviewer,38331967,10,586,9406,142844,152846
2026-07-27T03:19:04+08:00,2026-07-26,QA,3c4a9cd7,12,1083,10263,175472,186830
2026-07-27T03:19:32+08:00,2026-07-26,Release Manager,432be3d0,22,2953,17098,376871,396944
2026-07-27T03:21:35+08:00,2026-07-26,Architect,29922fd2,32,13247,64574,881239,959092
2026-07-27T03:24:28+08:00,2026-07-26,Engineer,28df856a,58,8200,42518,1250408,1301184
2026-07-27T03:27:12+08:00,2026-07-26,Reviewer,d3acd234,32,4220,23828,588426,616506
2026-07-27T03:28:39+08:00,2026-07-26,QA,14d2a647,30,4569,22411,538630,565640
2026-07-27T03:30:00+08:00,2026-07-26,Release Manager,f7b0d13f,52,7111,28307,1057231,1092701
2026-07-27T03:33:11+08:00,2026-07-26,Architect,a0a09a37,32,6764,59380,840579,906755
2026-07-27T03:35:02+08:00,2026-07-26,Engineer,af374ea9,52,6399,36501,1075026,1117978
2026-07-27T03:37:09+08:00,2026-07-26,Reviewer,11d37622,18,2159,20455,270403,293035
2026-07-27T03:38:00+08:00,2026-07-26,QA,bc9e884a,26,2873,17257,426560,446716
2026-07-27T03:39:07+08:00,2026-07-26,Release Manager,d294f4db,46,4642,30473,869778,904939
2026-07-27T03:41:51+08:00,2026-07-26,Architect,47f0df75,20,5400,60339,461938,527697
2026-07-27T03:43:25+08:00,2026-07-26,Engineer,149382da,60,9630,44460,1386333,1440483
2026-07-27T03:46:10+08:00,2026-07-26,Reviewer,55dddaa6,38,4707,28935,680902,714582
2026-07-27T03:47:49+08:00,2026-07-26,QA,91daeed0,24,3444,20947,426713,451128
2026-07-27T03:48:59+08:00,2026-07-26,Release Manager,f6cf495e,52,6684,26677,1006212,1039625
2026-07-27T03:52:07+08:00,2026-07-26,Architect,9af88828,30,4524,57180,810270,872004
2026-07-27T03:53:30+08:00,2026-07-26,Engineer,2553da40,84,9758,47079,2013159,2070080
2026-07-27T03:56:55+08:00,2026-07-26,Reviewer,b721d84e,28,2731,21166,441432,465357
2026-07-27T03:58:05+08:00,2026-07-26,QA,468b3857,28,2910,16959,455487,475384
2026-07-27T03:59:16+08:00,2026-07-26,Release Manager,5adb013e,44,5078,22979,807012,835113
2026-07-27T04:02:07+08:00,2026-07-26,Architect,a095d4b8,72,13131,56087,1987412,2056702
2026-07-27T04:05:45+08:00,2026-07-26,Engineer,8fff13ba,64,10172,63666,1935633,2009535
2026-07-27T04:08:36+08:00,2026-07-26,Reviewer,f7d164e3,24,2436,21770,384124,408354
2026-07-27T04:09:37+08:00,2026-07-26,QA,302fd21b,32,4054,19519,548536,572141
2026-07-27T04:11:00+08:00,2026-07-26,Release Manager,18a1dcfa,70,8048,29812,1377919,1415849
2026-07-27T04:14:47+08:00,2026-07-26,Architect,e7cd0068,34,15066,83759,1248189,1347048
2026-07-27T04:18:12+08:00,2026-07-26,Engineer,ea2bfee3,112,16357,81119,3763147,3860735
2026-07-27T04:22:45+08:00,2026-07-26,Reviewer,e5946005,28,3677,26091,479232,509028
2026-07-27T04:24:01+08:00,2026-07-26,QA,732924c9,28,3998,18072,471963,494061
2026-07-27T04:25:21+08:00,2026-07-26,Release Manager,e4c213f2,64,6899,29081,1248071,1284115
2026-07-27T04:28:39+08:00,2026-07-26,Architect,a190bc93,30,7562,62750,839846,910188
2026-07-27T04:30:43+08:00,2026-07-26,Engineer,9f29c182,64,9106,43744,1429008,1481922
2026-07-27T04:33:13+08:00,2026-07-26,Reviewer,02f867e5,10,888,18757,138223,157878
2026-07-27T22:00:14+08:00,2026-07-27,Architect,5db4320b,72,18369,62203,1906966,1987610
2026-07-27T22:05:01+08:00,2026-07-27,Engineer,280740db,64,8728,37766,1333931,1380489
2026-07-27T22:07:44+08:00,2026-07-27,Reviewer,6220eaff,22,2717,23559,363331,389629
2026-07-27T22:08:56+08:00,2026-07-27,QA,8dbe5224,36,4811,28405,657826,691078
2026-07-27T22:10:49+08:00,2026-07-27,Release Manager,7487b5f5,52,6677,27891,1052653,1087273
2026-07-27T22:14:07+08:00,2026-07-27,Architect,babfb313,42,9674,72985,1425081,1507782
2026-07-27T22:16:44+08:00,2026-07-27,Engineer,d8167a32,38,6488,30674,739147,776347
2026-07-27T22:18:57+08:00,2026-07-27,Reviewer,eb069b33,14,2110,14046,207134,223304
2026-07-27T22:19:45+08:00,2026-07-27,QA,18d9aae7,26,3276,21190,453912,478404
2026-07-27T22:21:08+08:00,2026-07-27,Release Manager,d225dd99,58,6810,27017,1140230,1174115
2026-07-27T22:24:26+08:00,2026-07-27,Architect,8e07678a,34,7797,67700,975215,1050746
2026-07-27T22:26:49+08:00,2026-07-27,Engineer,abffb429,112,14144,54377,2847751,2916384
2026-07-27T22:31:34+08:00,2026-07-27,Reviewer,811ff514,32,3230,24597,542198,570057
2026-07-27T22:32:54+08:00,2026-07-27,QA,6a84302b,28,3516,20559,478732,502835
2026-07-27T22:34:09+08:00,2026-07-27,Release Manager,286bcfea,62,9556,63310,1299056,1371984
2026-07-27T22:38:19+08:00,2026-07-27,Architect,7dde78be,48,8852,69903,1466918,1545721
2026-07-27T22:40:52+08:00,2026-07-27,Engineer,12aafb80,66,9853,45377,1516488,1571784
2026-07-27T22:43:43+08:00,2026-07-27,Reviewer,e84cc093,20,2317,21269,314289,337895
2026-07-27T22:44:49+08:00,2026-07-27,QA,578d8922,32,3805,20533,558950,583320
2026-07-27T22:46:30+08:00,2026-07-27,Release Manager,60ed90c1,66,7079,28380,1288287,1323812
2026-07-27T22:50:49+08:00,2026-07-27,Architect,3747015c,44,6398,42640,988747,1037829
2026-07-27T22:53:00+08:00,2026-07-27,Engineer,7ff0760e,70,11120,48974,1746182,1806346
2026-07-27T22:56:12+08:00,2026-07-27,Reviewer,d7d6bfa5,10,1474,18871,137847,158202
2026-07-28T03:27:22+08:00,2026-07-27,QA,9b78bfff,24,1904,10210,356382,368520
2026-07-28T03:30:09+08:00,2026-07-27,Release Manager,702b5054,26,2697,18300,450706,471729
2026-07-28T03:32:40+08:00,2026-07-27,Architect,ef153b0f,32,12580,77050,1107000,1196662
2026-07-28T03:35:21+08:00,2026-07-27,Engineer,3580b1dd,138,31928,101161,5703939,5837166
2026-07-28T03:42:43+08:00,2026-07-27,Reviewer,1ca81765,36,7549,37297,699667,744549
2026-07-28T03:44:48+08:00,2026-07-27,QA,ebb0361a,34,3994,26190,623169,653387
2026-07-28T03:46:17+08:00,2026-07-27,Release Manager,62986dc9,62,7945,28945,1234129,1271081
2026-07-28T03:49:49+08:00,2026-07-27,Architect,79ba3083,36,6368,65788,1075193,1147385
2026-07-28T03:51:41+08:00,2026-07-27,Engineer,23e9fea4,108,26214,68868,3165060,3260250
2026-07-28T03:56:58+08:00,2026-07-27,Reviewer,e82b4afd,34,4779,31111,628990,664914
2026-07-28T03:58:43+08:00,2026-07-27,QA,54c54b68,34,4301,25786,649175,679296
2026-07-28T04:00:16+08:00,2026-07-27,Release Manager,3cf31023,42,8720,110360,1015748,1134870
2026-07-28T04:03:23+08:00,2026-07-27,Architect,eed8508c,32,9233,70611,987199,1067075
2026-07-28T04:05:39+08:00,2026-07-27,Engineer,534fc73d,66,7888,38546,1387102,1433602
2026-07-28T04:08:07+08:00,2026-07-27,Reviewer,112842d3,14,1743,21953,220698,244408
2026-07-28T04:08:49+08:00,2026-07-27,QA,3a5f0aa9,36,3825,24065,649537,677463
2026-07-28T04:10:16+08:00,2026-07-27,Release Manager,67f141ac,52,7657,49209,1245999,1302917
2026-07-28T04:13:27+08:00,2026-07-27,Architect,86b94a5d,52,12253,71274,1722430,1806009
2026-07-28T04:16:32+08:00,2026-07-27,Engineer,9950799d,68,10822,40901,1475033,1526824
2026-07-28T04:19:32+08:00,2026-07-27,Reviewer,60800a01,16,2091,18417,233373,253897
2026-07-28T04:20:23+08:00,2026-07-27,QA,5dacb2a9,26,3415,16269,416968,436678
2026-07-28T22:00:14+08:00,2026-07-28,Architect,0d1e6654,58,20126,88133,2116548,2224865
2026-07-28T22:05:31+08:00,2026-07-28,Engineer,706c0739,64,8205,37656,1338484,1384409
2026-07-28T22:08:24+08:00,2026-07-28,Reviewer,f432cfbe,22,2746,21927,352500,377195
2026-07-29T22:00:14+08:00,2026-07-29,Architect,1bcd41ec,50,12955,83319,1720580,1816904
2026-07-29T22:03:58+08:00,2026-07-29,Engineer,59cea5a1,58,7261,34306,1136543,1178168
2026-07-29T22:06:27+08:00,2026-07-29,Reviewer,9fbb5e2a,22,3344,20389,340314,364069
2026-07-29T22:07:46+08:00,2026-07-29,QA,d0364f1c,32,4833,22567,567495,594927
2026-07-29T22:09:21+08:00,2026-07-29,Release Manager,220b6a1f,76,12087,37554,1762764,1812481
2026-07-29T22:14:24+08:00,2026-07-29,Architect,450a97a2,52,12751,55253,1383954,1452010
2026-07-29T22:17:45+08:00,2026-07-29,Engineer,42c83fdc,40,4681,33549,802483,840753
2026-07-29T22:19:36+08:00,2026-07-29,Reviewer,1c85e0d5,20,3175,15749,319630,338574
2026-07-29T22:20:46+08:00,2026-07-29,QA,f0d51646,28,3294,16080,457475,476877
2026-07-29T22:22:08+08:00,2026-07-29,Release Manager,214c82d1,48,5989,26432,933561,966030
2026-07-29T22:25:26+08:00,2026-07-29,Architect,7d0ab31f,26,5566,64838,742295,812725
2026-07-29T22:27:21+08:00,2026-07-29,Engineer,455b7d41,60,7120,37690,1228147,1273017
2026-07-29T22:29:49+08:00,2026-07-29,Reviewer,d6ebec25,32,3344,23607,526218,553201
2026-07-29T22:31:20+08:00,2026-07-29,QA,d7bd4b57,38,5049,22395,688801,716283
2026-07-29T22:32:59+08:00,2026-07-29,Release Manager,c6b30e4c,60,7337,29610,1217314,1254321
2026-07-29T22:36:36+08:00,2026-07-29,Architect,f10eb016,58,11418,75684,2071597,2158757
2026-07-29T22:39:38+08:00,2026-07-29,Engineer,a8ce3f1c,44,6650,53336,1190625,1250655
2026-07-29T22:41:45+08:00,2026-07-29,Reviewer,0269d157,26,3252,24329,428974,456581
2026-07-29T22:43:07+08:00,2026-07-29,QA,0ce74088,30,4210,25779,583768,613787
2026-07-29T22:44:37+08:00,2026-07-29,Release Manager,dc652a58,58,6041,25260,1093015,1124374
2026-07-29T22:48:00+08:00,2026-07-29,Architect,3f1ace47,42,9066,58740,1250065,1317913
2026-07-29T22:50:35+08:00,2026-07-29,Engineer,b7f2a32a,58,8125,40187,1277484,1325854
2026-07-29T22:53:01+08:00,2026-07-29,Reviewer,7bd021b5,24,3078,23945,399033,426080
2026-07-29T22:54:08+08:00,2026-07-29,QA,f6420c5a,26,3926,25223,478554,507729
2026-07-29T22:55:34+08:00,2026-07-29,Release Manager,e3a42b8c,20,2640,34426,308530,345616
2026-07-30T03:28:17+08:00,2026-07-29,Architect,ea407dde,58,7550,51633,1557191,1616432
2026-07-30T03:30:27+08:00,2026-07-29,Engineer,2815a0d1,136,33169,85794,4545709,4664808
2026-07-30T03:37:48+08:00,2026-07-29,Reviewer,c343f7e1,24,7169,34195,484960,526348
2026-07-30T03:39:49+08:00,2026-07-29,QA,693649f2,28,3421,18689,468217,490355
2026-07-30T03:41:03+08:00,2026-07-29,Release Manager,7c4b0a99,46,7641,55530,1143963,1207180
2026-07-30T03:44:19+08:00,2026-07-29,Architect,77254fa8,64,12996,50922,1663402,1727384
2026-07-30T03:48:55+08:00,2026-07-29,Engineer,8c0e5bc6,6,442,15408,76515,92371
2026-07-30T03:51:03+08:00,2026-07-29,Reviewer,50520530,4,290,7788,50850,58932
2026-07-30T03:52:34+08:00,2026-07-29,QA,9f97892e,6,375,9709,82023,92113
2026-07-30T03:52:50+08:00,2026-07-29,Release Manager,b6a24322,22,2158,12432,339579,354191
2026-07-30T04:02:30+08:00,2026-07-29,Reviewer,70f90729,6,584,15127,75633,91350
2026-07-30T04:06:12+08:00,2026-07-29,Release Manager,796a0194,22,2376,16934,360223,379555
2026-07-30T04:15:06+08:00,2026-07-29,Reviewer,abfeb68d,4,271,13742,45218,59235
2026-07-30T04:26:28+08:00,2026-07-29,Architect,8fbac234,12,979,14410,179570,194971
2026-07-30T04:36:42+08:00,2026-07-29,Reviewer,5dbfc370,6,492,9298,81319,91115
2026-07-30T04:37:00+08:00,2026-07-29,QA,623e649e,8,555,8515,110784,119862
2026-07-30T04:37:20+08:00,2026-07-29,Release Manager,c039d447,20,1618,12242,308391,322271
2026-07-30T04:39:10+08:00,2026-07-29,Architect,295dc7a6,42,9173,73478,1430091,1512784
2026-07-30T04:41:36+08:00,2026-07-29,Engineer,6a67d596,70,7627,40875,1497539,1546111
2026-07-30T04:44:16+08:00,2026-07-29,Reviewer,3664137c,28,2591,21103,443940,467662
2026-07-30T04:45:38+08:00,2026-07-29,QA,f75cf7a4,28,3428,20183,481019,504658
2026-07-30T04:51:43+08:00,2026-07-29,Architect,d21a26aa,22,2872,25166,403985,432045
2026-07-30T04:52:47+08:00,2026-07-29,Engineer,478dcdcf,60,8332,39695,1389712,1437799
2026-07-30T04:55:12+08:00,2026-07-29,Reviewer,92afb76a,26,2732,21806,412920,437484
2026-07-30T04:56:23+08:00,2026-07-29,QA,46eb3abf,22,3033,17582,379068,399705
2026-07-30T04:57:43+08:00,2026-07-29,Release Manager,e5036d53,62,7554,30675,1227447,1265738
2026-07-30T05:01:49+08:00,2026-07-29,Architect,94a0b688,56,14711,57000,1514135,1585902
2026-07-30T05:05:57+08:00,2026-07-29,Engineer,d50e755e,54,8058,45040,1252145,1305297
2026-07-30T05:08:39+08:00,2026-07-29,Reviewer,4589c7c6,24,2825,22218,387997,413064
2026-07-30T05:09:50+08:00,2026-07-29,QA,5686998d,24,2434,16548,387538,406544
2026-07-30T05:11:01+08:00,2026-07-29,Release Manager,dad096ad,50,5757,32627,989070,1027504
2026-07-30T05:14:13+08:00,2026-07-29,Architect,b61422ce,22,3847,34019,426395,464283
2026-07-30T05:15:38+08:00,2026-07-29,Engineer,6e12aa9e,128,20222,71020,4062134,4153504
2026-07-30T05:21:35+08:00,2026-07-29,Reviewer,81d0b0a7,22,5809,31500,399786,437117
2026-07-30T05:23:19+08:00,2026-07-29,QA,f3e6251b,42,5697,28041,826589,860369
2026-07-30T05:25:14+08:00,2026-07-29,Release Manager,49487dc7,50,6634,30902,1019946,1057532
2026-07-30T05:28:39+08:00,2026-07-29,Architect,4762e9b3,24,4375,37306,518384,560089
2026-07-30T05:30:11+08:00,2026-07-29,Engineer,975ce718,66,7726,41807,1497711,1547310
2026-07-30T05:32:40+08:00,2026-07-29,Reviewer,01347692,22,3393,24358,371381,399154
2026-07-30T05:33:51+08:00,2026-07-29,QA,30e78d59,38,3871,22263,674310,700482
2026-07-30T05:35:24+08:00,2026-07-29,Release Manager,d68e8e3b,14,1131,11108,204157,216410
2026-07-30T22:00:30+08:00,2026-07-30,Architect,0feece5d,30,8066,44297,707468,759861
2026-07-30T22:02:35+08:00,2026-07-30,Engineer,77e0cbd6,12,3226,25897,174672,203807
2026-07-30T22:03:31+08:00,2026-07-30,Reviewer,eab4877a,12,932,10779,174288,186011
2026-07-30T22:04:02+08:00,2026-07-30,QA,9d7d8d65,12,1637,12449,178351,192449
2026-07-30T22:04:39+08:00,2026-07-30,Release Manager,dbe0926f,60,8792,43449,1416955,1469256
2026-07-30T22:08:27+08:00,2026-07-30,Architect,58144369,26,3754,35589,521263,560632
2026-07-30T22:09:47+08:00,2026-07-30,Engineer,3cf0a9ac,66,8654,44395,1546971,1600086
2026-07-30T22:12:33+08:00,2026-07-30,Reviewer,199a9c93,24,3501,21773,376565,401863
2026-07-30T22:13:44+08:00,2026-07-30,QA,aedad0c4,24,2522,17185,386347,406078
2026-07-30T22:15:07+08:00,2026-07-30,Release Manager,138ab5a0,70,7063,26822,1365352,1399307
2026-07-30T22:18:57+08:00,2026-07-30,Architect,ad8db642,28,3944,36109,557714,597795
2026-07-30T22:20:24+08:00,2026-07-30,Engineer,b8bebc9a,148,19683,67193,4215153,4302177
2026-07-30T22:26:19+08:00,2026-07-30,Reviewer,61d7070d,24,3274,27307,409787,440392
2026-07-30T22:27:38+08:00,2026-07-30,QA,93c6a0fd,38,4769,18089,640046,662942
2026-07-30T22:29:26+08:00,2026-07-30,Release Manager,74908dc0,60,7061,38930,1301120,1347171
2026-07-30T22:32:51+08:00,2026-07-30,Architect,dc4f0318,74,18601,63389,2185332,2267396
2026-07-30T22:37:23+08:00,2026-07-30,Engineer,5bdb0d2d,120,21175,78758,3894275,3994328
2026-07-30T22:42:41+08:00,2026-07-30,Reviewer,e1785fa4,40,10865,34838,787295,833038
2026-07-30T22:45:35+08:00,2026-07-30,QA,8edd075f,14,1081,11077,207639,219811
2026-07-30T22:46:08+08:00,2026-07-30,Release Manager,cf21cb3c,28,2671,16806,457428,476933
2026-07-30T22:48:20+08:00,2026-07-30,Architect,8853478c,34,14220,55362,876458,946074
2026-07-30T22:51:43+08:00,2026-07-30,Engineer,ecf91f68,26,3732,27230,464410,495398
2026-07-30T22:52:59+08:00,2026-07-30,Reviewer,c25051d4,24,2731,19579,402595,424929
2026-07-30T22:54:09+08:00,2026-07-30,QA,a4da41f7,28,4191,19024,484223,507466
2026-07-30T22:55:42+08:00,2026-07-30,Release Manager,a2ac0957,8,1040,9252,111572,121872
2026-07-31T03:27:50+08:00,2026-07-30,Engineer,2893c627,58,7669,46891,1584849,1639467
2026-07-31T03:30:13+08:00,2026-07-30,Reviewer,b343afc5,20,2919,21498,313643,338080
2026-07-31T03:31:20+08:00,2026-07-30,QA,2ad994d2,26,3386,16074,422996,442482
2026-07-31T03:32:34+08:00,2026-07-30,Release Manager,0fe3c15a,52,7878,46200,1195915,1250045
2026-07-31T03:35:58+08:00,2026-07-30,Architect,276f6c41,34,5806,42117,775964,823921
2026-07-31T03:37:36+08:00,2026-07-30,Engineer,25936692,110,21240,86067,3858944,3966361
2026-07-31T03:42:31+08:00,2026-07-30,Reviewer,a43c7c2c,44,8918,37583,841676,888221
2026-07-31T03:44:54+08:00,2026-07-30,QA,1a1d072c,10,1127,10838,143858,155833
2026-07-31T03:45:26+08:00,2026-07-30,Release Manager,112047fb,34,3714,19627,588138,611513
2026-07-31T03:47:44+08:00,2026-07-30,Architect,ab23b50b,22,4766,45377,459416,509581
2026-07-31T03:49:12+08:00,2026-07-30,Engineer,4146ef20,58,10057,43606,1257604,1311325
2026-07-31T03:51:56+08:00,2026-07-30,Reviewer,5d3e1b4f,38,8786,30901,752334,792059
2026-07-31T03:54:18+08:00,2026-07-30,QA,5c678bcb,48,7287,31481,942609,981425
2026-07-31T03:56:22+08:00,2026-07-30,Release Manager,6ef18f53,50,7614,42530,1136249,1186443
2026-07-31T03:59:33+08:00,2026-07-30,Architect,ea531283,38,8324,46006,900083,954451
2026-07-31T04:01:42+08:00,2026-07-30,Engineer,d75f4028,58,7860,36409,1149807,1194134
2026-07-31T04:04:02+08:00,2026-07-30,Reviewer,87a1a7b7,24,2569,22428,389003,414024
2026-07-31T04:05:14+08:00,2026-07-30,QA,bc91f9fc,30,3217,15951,490545,509743
2026-07-31T04:06:43+08:00,2026-07-30,Release Manager,1cdce939,96,10332,40271,2227391,2278090
2026-07-31T04:10:53+08:00,2026-07-30,Architect,4dc57ee2,20,4152,42070,421620,467862
2026-07-31T04:12:01+08:00,2026-07-30,Engineer,1e5dba04,72,8547,46842,1768732,1824193
2026-07-31T04:14:42+08:00,2026-07-30,Reviewer,8bce2b56,24,2976,21257,381365,405622
2026-07-31T04:15:47+08:00,2026-07-30,QA,9901df86,26,3407,14783,413309,431525
2026-07-31T04:16:58+08:00,2026-07-30,Release Manager,0e0a5fe3,58,7214,37612,1280668,1325552
2026-07-31T04:20:13+08:00,2026-07-30,Architect,98e50923,28,4532,36650,539275,580485
2026-07-31T04:21:39+08:00,2026-07-30,Engineer,ad478f07,118,14666,67601,3447769,3530154
2026-07-31T04:25:56+08:00,2026-07-30,Reviewer,a69273b7,26,3922,29045,471491,504484
2026-07-31T04:27:18+08:00,2026-07-30,QA,b60b2995,42,4724,20646,742005,767417
2026-07-31T04:28:54+08:00,2026-07-30,Release Manager,b38f4a86,52,7798,27483,993384,1028717
2026-07-31T04:32:08+08:00,2026-07-30,Architect,288014a4,74,14679,57181,1951041,2022975
2026-07-31T04:35:53+08:00,2026-07-30,Engineer,25448939,46,6250,37054,987546,1030896
2026-07-31T04:37:52+08:00,2026-07-30,Reviewer,f296d238,24,2721,22363,382655,407763
2026-07-31T04:38:53+08:00,2026-07-30,QA,e5816f17,22,3024,19473,384173,406692
2026-07-31T04:39:56+08:00,2026-07-30,Release Manager,90afb471,70,8142,32627,1504818,1545657
2026-07-31T04:43:27+08:00,2026-07-30,Architect,c46c62f7,2,225,13565,15863,29655
2026-07-31T22:00:23+08:00,2026-07-31,Architect,302409c9,38,7193,40622,835745,883598
2026-07-31T22:02:43+08:00,2026-07-31,Engineer,b1225945,68,9043,47940,1711219,1768270
2026-07-31T22:05:45+08:00,2026-07-31,Reviewer,ee6496ff,26,4769,22491,413381,440667
2026-07-31T22:07:06+08:00,2026-07-31,QA,d1325a9e,10,754,11197,145191,157152
2026-07-31T22:07:31+08:00,2026-07-31,Release Manager,1b045feb,34,3328,17094,572730,593186
2026-07-31T22:09:57+08:00,2026-07-31,Architect,aa90c64c,40,7859,91321,880192,979412
2026-07-31T22:12:07+08:00,2026-07-31,Engineer,07984f47,28,2639,20630,449434,472731
2026-07-31T22:13:17+08:00,2026-07-31,Reviewer,1a1dd725,26,3931,18881,437662,460500
2026-07-31T22:14:54+08:00,2026-07-31,QA,8340eb9f,26,2978,19837,447284,470125
2026-07-31T22:16:10+08:00,2026-07-31,Release Manager,c9a45c35,48,7043,55656,1191194,1253941
2026-07-31T22:19:33+08:00,2026-07-31,Architect,8716112c,58,9394,41554,1276703,1327709
2026-07-31T22:22:15+08:00,2026-07-31,Engineer,a0a54183,46,7319,37547,951905,996817
2026-07-31T22:24:26+08:00,2026-07-31,Reviewer,e4435c4e,28,3060,25334,491052,519474
2026-07-31T22:25:49+08:00,2026-07-31,QA,91e4d2c3,28,3328,17346,456787,477489
2026-07-31T22:27:13+08:00,2026-07-31,Release Manager,de51d122,58,6860,30393,1206123,1243434
2026-07-31T22:30:42+08:00,2026-07-31,Architect,077d5df9,54,13270,55789,1518291,1587404
2026-07-31T22:34:02+08:00,2026-07-31,Engineer,d83916a4,80,11892,47169,1920611,1979752
2026-07-31T22:37:25+08:00,2026-07-31,Reviewer,9dd2a4ea,32,3321,21974,522089,547416
2026-07-31T22:38:44+08:00,2026-07-31,QA,b65a3611,30,3283,17431,497009,517753
2026-07-31T22:40:02+08:00,2026-07-31,Release Manager,b562d714,64,6723,27818,1240630,1275235
2026-07-31T22:43:17+08:00,2026-07-31,Architect,3bfbefc1,86,16480,60478,2445046,2522090
2026-07-31T22:47:32+08:00,2026-07-31,Engineer,523cb8b4,126,30916,99034,4882765,5012841
2026-08-01T03:24:42+08:00,2026-07-31,Reviewer,371f7b72,8,546,11892,115351,127797
2026-08-01T03:25:04+08:00,2026-07-31,QA,94e70e5b,8,567,8490,110544,119609
2026-08-01T03:25:27+08:00,2026-07-31,Release Manager,0df02819,28,2795,14711,452166,469700
2026-08-01T03:27:38+08:00,2026-07-31,Architect,9d3ac357,62,14114,56462,1704361,1774999
2026-08-01T03:31:06+08:00,2026-07-31,Engineer,8e8fcddf,34,5317,44890,792970,843211
2026-08-01T03:32:51+08:00,2026-07-31,Reviewer,793f141a,24,7214,29829,421965,459032
2026-08-01T03:34:40+08:00,2026-07-31,QA,8482720b,36,5460,22098,655254,682848
2026-08-01T03:36:20+08:00,2026-07-31,Release Manager,ecb1d457,70,8559,77618,1821416,1907663
2026-08-01T03:40:09+08:00,2026-07-31,Architect,26c2b072,28,7744,46596,683721,738089
2026-08-01T03:42:13+08:00,2026-07-31,Engineer,ea6fcd26,44,5955,39536,956733,1002268
2026-08-01T03:43:54+08:00,2026-07-31,Reviewer,00cb335c,38,4769,30352,716962,752121
2026-08-01T03:45:41+08:00,2026-07-31,QA,83b32853,26,2973,16373,416057,435429
2026-08-01T03:46:51+08:00,2026-07-31,Release Manager,03f74d26,70,8179,30986,1450491,1489726
2026-08-01T03:50:22+08:00,2026-07-31,Architect,c0fee4ff,62,15602,55936,1604303,1675903
2026-08-01T03:53:56+08:00,2026-07-31,Engineer,3c43c928,56,7558,40045,1214537,1262196
2026-08-01T03:56:04+08:00,2026-07-31,Reviewer,ec830418,36,6521,28614,673790,708961
2026-08-01T03:57:56+08:00,2026-07-31,QA,07c7beb3,8,1102,12729,117141,130980
2026-08-01T03:58:21+08:00,2026-07-31,Release Manager,6bd73b79,20,1812,12348,304683,318863
2026-08-01T04:00:11+08:00,2026-07-31,Architect,8979b554,58,14065,56280,1601714,1672117
2026-08-01T04:03:37+08:00,2026-07-31,Engineer,6b89ba0e,38,5953,35778,783267,825036
2026-08-01T04:05:21+08:00,2026-07-31,Reviewer,a808ab74,26,3329,16867,434285,454507
2026-08-01T04:06:41+08:00,2026-07-31,QA,92cb3d83,26,3083,22571,465838,491518
2026-08-01T04:07:59+08:00,2026-07-31,Release Manager,1083823e,62,7893,60913,1702643,1771511
2026-08-01T04:11:33+08:00,2026-07-31,Architect,7f49b416,90,19876,63966,2743958,2827890
2026-08-01T04:16:25+08:00,2026-07-31,Engineer,6fa9c263,86,11388,59747,2353591,2424812
2026-08-01T04:19:41+08:00,2026-07-31,Reviewer,8f815d3d,32,4167,26539,546249,576987
2026-08-01T04:21:06+08:00,2026-07-31,QA,f3800303,32,3859,21623,564459,589973
2026-08-01T04:22:28+08:00,2026-07-31,Release Manager,1a9be7fc,46,6511,36209,978434,1021200
2026-08-01T04:25:21+08:00,2026-07-31,Architect,4a747cb9,46,8266,49582,1175588,1233482
2026-08-01T04:27:50+08:00,2026-07-31,Engineer,221727e0,82,12302,55326,2099299,2167009
2026-08-01T04:31:05+08:00,2026-07-31,Reviewer,014a3b13,30,3455,25171,504473,533129
2026-08-01T04:32:25+08:00,2026-07-31,QA,94e42718,34,3778,20855,613654,638321
2026-08-01T04:33:42+08:00,2026-07-31,Release Manager,66e9ff16,90,17412,51718,2359673,2428893
2026-08-01T04:39:08+08:00,2026-07-31,Architect,0ad8b7cd,2,272,13726,15863,29863
2026-08-01T22:00:14+08:00,2026-08-01,Architect,b5116afc,60,19991,62340,1770007,1852398
2026-08-01T22:04:59+08:00,2026-08-01,Engineer,127f0f0c,88,15724,49088,2089973,2154873
2026-08-01T22:09:16+08:00,2026-08-01,Reviewer,de6d3a05,34,6329,29577,614917,650857
2026-08-01T22:11:21+08:00,2026-08-01,QA,9c606a40,30,4543,21280,530330,556183
2026-08-01T22:12:59+08:00,2026-08-01,Release Manager,f803b5e2,66,7984,54637,1706647,1769334
2026-08-01T22:17:17+08:00,2026-08-01,Architect,80f8473e,54,10774,51237,1462819,1524884
2026-08-01T22:20:38+08:00,2026-08-01,Engineer,19098509,140,18840,72664,4478225,4569869
2026-08-01T22:26:41+08:00,2026-08-01,Reviewer,597452a0,38,4718,30884,705239,740879
2026-08-01T22:28:34+08:00,2026-08-01,QA,b92e4353,28,4133,19862,485538,509561
2026-08-01T22:29:56+08:00,2026-08-01,Release Manager,de8b4865,56,5999,41143,1303309,1350507
2026-08-01T22:33:34+08:00,2026-08-01,Architect,638384a3,52,13219,56372,1470990,1540633
2026-08-01T22:37:06+08:00,2026-08-01,Engineer,765e6e62,56,7927,48625,1420758,1477366
2026-08-01T22:39:21+08:00,2026-08-01,Reviewer,5df588fa,32,5360,30826,569976,606194
2026-08-01T22:41:05+08:00,2026-08-01,QA,5e07bc9c,36,4313,16822,589754,610925
2026-08-01T22:42:43+08:00,2026-08-01,Release Manager,53cac8d7,68,9261,46668,1730362,1786359
2026-08-01T22:46:34+08:00,2026-08-01,Architect,e2a06eab,58,15422,60859,1689513,1765852
2026-08-01T22:50:23+08:00,2026-08-01,Engineer,9f9e9efd,54,8560,52515,1397673,1458802
2026-08-01T22:52:56+08:00,2026-08-01,Reviewer,f35fb0c8,30,3744,23992,501136,528902
2026-08-01T22:54:26+08:00,2026-08-01,QA,1b941688,30,3456,19172,511930,534588
2026-08-01T22:55:45+08:00,2026-08-01,Release Manager,3e3a6efd,74,10563,65121,2149947,2225705
2026-08-01T22:59:57+08:00,2026-08-01,Architect,f755b591,64,13689,51616,1638080,1703449
2026-08-01T23:03:55+08:00,2026-08-01,Engineer,987d54bc,66,8337,51405,1635094,1694902
2026-08-01T23:06:39+08:00,2026-08-01,Reviewer,7a7761a4,44,8356,37516,887278,933194
2026-08-01T23:09:10+08:00,2026-08-01,QA,1c8efff8,38,4687,20612,667090,692427
2026-08-01T23:10:56+08:00,2026-08-01,Release Manager,d8a40ff2,94,9369,36722,2170056,2216241
2026-08-01T23:15:31+08:00,2026-08-01,Architect,cb7432b5,36,8730,48208,915121,972095
2026-08-01T23:18:02+08:00,2026-08-01,Engineer,5ad9674d,50,7842,40564,1124770,1173226
2026-08-02T03:20:34+08:00,2026-08-01,Reviewer,30ab066e,6,577,9598,81759,91940
2026-08-02T03:20:53+08:00,2026-08-01,QA,f7b6e4fe,10,607,9565,143445,153627
2026-08-02T03:21:14+08:00,2026-08-01,Release Manager,97bb5b58,24,2040,14280,379697,396041
2026-08-02T03:23:12+08:00,2026-08-01,Architect,be250aa2,26,5553,37540,523465,566584
2026-08-02T03:24:48+08:00,2026-08-01,Engineer,ed2e5c3c,36,5126,32417,767797,805376
2026-08-02T03:26:27+08:00,2026-08-01,Reviewer,3c592c24,30,4088,17259,495582,516959
2026-08-02T03:27:51+08:00,2026-08-01,QA,780cc93c,42,5360,22993,745791,774186
2026-08-02T03:29:39+08:00,2026-08-01,Release Manager,0c49fb67,64,9365,57352,1757347,1824128
2026-08-02T03:33:30+08:00,2026-08-01,Architect,8774c896,56,13610,56038,1629817,1699521
2026-08-02T03:36:48+08:00,2026-08-01,Engineer,e09bbc79,86,20945,77125,2809603,2907759
2026-08-02T03:41:39+08:00,2026-08-01,Reviewer,4fb20151,36,5328,30481,660928,696773
2026-08-02T03:43:23+08:00,2026-08-01,QA,acb62dfb,32,3568,24596,605796,633992
2026-08-02T03:44:45+08:00,2026-08-01,Release Manager,0e1c45b2,62,8713,43452,1461670,1513897
2026-08-02T03:48:31+08:00,2026-08-01,Architect,d666c13b,66,11911,47890,1715635,1775502
2026-08-02T03:51:27+08:00,2026-08-01,Engineer,b26baf6e,74,9111,44780,1686094,1740059
2026-08-02T03:54:11+08:00,2026-08-01,Reviewer,c81f56b5,32,4431,25665,554777,584905
2026-08-02T03:55:40+08:00,2026-08-01,QA,7f1e32fa,22,3012,16884,359385,379303
2026-08-02T03:56:46+08:00,2026-08-01,Release Manager,dbdfad75,64,9285,64872,1650274,1724495
2026-08-02T04:00:25+08:00,2026-08-01,Architect,e7b13616,46,12515,54147,1244957,1311665
2026-08-02T04:03:42+08:00,2026-08-01,Engineer,15c73ab8,64,9574,45419,1462918,1517975
2026-08-02T04:06:13+08:00,2026-08-01,Reviewer,1193d4f8,26,4198,28842,471203,504269
2026-08-02T04:07:35+08:00,2026-08-01,QA,a500bfaa,30,4120,19844,509739,533733
2026-08-02T04:08:53+08:00,2026-08-01,Release Manager,f968818b,72,8771,36868,1625901,1671612
2026-08-02T04:12:37+08:00,2026-08-01,Architect,0241b91a,98,19846,67105,2878780,2965829
2026-08-02T04:17:24+08:00,2026-08-01,Engineer,b6052929,52,7505,44881,1161105,1213543
2026-08-02T04:19:38+08:00,2026-08-01,Reviewer,9ff13321,36,4446,29071,635449,669002
2026-08-02T04:21:07+08:00,2026-08-01,QA,2a237563,28,3000,17079,456550,476657
2026-08-02T04:22:17+08:00,2026-08-01,Release Manager,5b9addf1,62,7973,35156,1334215,1377406
2026-08-02T04:25:46+08:00,2026-08-01,Architect,491a066c,42,6385,36300,889994,932721
2026-08-02T04:27:43+08:00,2026-08-01,Engineer,827db7cb,40,5757,35830,789398,831025
2026-08-02T04:29:17+08:00,2026-08-01,Reviewer,e7b539fa,30,4698,28446,525144,558318
2026-08-02T04:30:50+08:00,2026-08-01,QA,9699c05b,24,2819,16601,409810,429254
2026-08-02T04:31:56+08:00,2026-08-01,Release Manager,97af09d4,64,7554,56319,1562600,1626537
2026-08-02T04:35:28+08:00,2026-08-01,Architect,c8642c0d,2,207,13749,15863,29821
2026-08-02T22:00:15+08:00,2026-08-02,Architect,27cb7730,84,19993,68048,2401019,2489144
2026-08-02T22:05:09+08:00,2026-08-02,Engineer,795e0e42,78,11631,52611,2037938,2102258
2026-08-02T22:08:28+08:00,2026-08-02,Reviewer,aaa5900b,26,3975,23459,428665,456125
2026-08-02T22:09:58+08:00,2026-08-02,QA,1889c488,26,4667,19383,426127,450203
2026-08-02T22:11:34+08:00,2026-08-02,Release Manager,0349116a,62,8799,39312,1364165,1412338
2026-08-02T22:15:24+08:00,2026-08-02,Architect,fb67baca,44,10426,49558,1139026,1199054
2026-08-02T22:18:21+08:00,2026-08-02,Engineer,5b9485c2,54,7772,46390,1244638,1298854
2026-08-02T22:20:38+08:00,2026-08-02,Reviewer,592bcfef,40,5605,27821,713681,747147
2026-08-02T22:22:41+08:00,2026-08-02,QA,711af40f,30,4193,16497,495538,516258
2026-08-02T22:24:10+08:00,2026-08-02,Release Manager,557c7932,68,8218,33136,1454775,1496197
2026-08-02T22:27:47+08:00,2026-08-02,Architect,c8ce9fc2,48,13501,61685,1389877,1465111
2026-08-02T22:31:12+08:00,2026-08-02,Engineer,9138b390,92,14264,64133,2631396,2709885
2026-08-02T22:35:06+08:00,2026-08-02,Reviewer,7bf2acab,24,2891,25111,407234,435260
2026-08-02T22:36:20+08:00,2026-08-02,QA,189cf8a7,34,4057,25110,625363,654564
2026-08-02T22:37:54+08:00,2026-08-02,Release Manager,f32fc1a7,60,7931,31720,1269732,1309443
2026-08-02T22:41:36+08:00,2026-08-02,Architect,3af26bf1,54,15851,56888,1467326,1540119
2026-08-02T22:45:37+08:00,2026-08-02,Engineer,4e0d0bd1,48,6380,41135,1073492,1121055
2026-08-02T22:47:31+08:00,2026-08-02,Reviewer,23542d45,36,5383,32208,686997,724624
2026-08-02T22:49:12+08:00,2026-08-02,QA,a053c23e,24,2713,16536,394427,413700
2026-08-02T22:50:26+08:00,2026-08-02,Release Manager,ce278820,54,6169,36369,1152054,1194646
2026-08-02T22:53:31+08:00,2026-08-02,Architect,c8d4db1b,90,14907,66352,2897193,2978542
2026-08-02T22:57:41+08:00,2026-08-02,Engineer,e5fe8863,118,20429,76367,3704360,3801274
2026-08-02T23:03:06+08:00,2026-08-02,Reviewer,c7fe2243,58,9745,39602,1216846,1266251
2026-08-02T23:05:53+08:00,2026-08-02,QA,82031c5b,32,4058,19035,544232,567357
2026-08-02T23:07:33+08:00,2026-08-02,Release Manager,48fe04a2,74,7326,32119,1586344,1625863
2026-08-02T23:11:26+08:00,2026-08-02,Architect,51bb61b4,62,15556,61903,1744248,1821769
2026-08-02T23:15:16+08:00,2026-08-02,Engineer,b6bac2e8,34,9833,48642,773688,832197
2026-08-03T03:17:53+08:00,2026-08-02,Reviewer,7fb1cd55,6,529,8339,80844,89718
2026-08-03T03:18:10+08:00,2026-08-02,QA,0ea4b725,10,1229,10180,144556,155975
2026-08-03T03:18:36+08:00,2026-08-02,Release Manager,7558b04e,20,2504,18113,343028,363665
2026-08-03T03:20:33+08:00,2026-08-02,Architect,0522ea1d,80,22010,71990,2611234,2705314
2026-08-03T03:26:24+08:00,2026-08-02,Engineer,3eae8cf1,38,5648,41285,844773,891744
2026-08-03T03:28:19+08:00,2026-08-02,Reviewer,d8712f47,34,5198,33694,669954,708880
2026-08-03T03:29:56+08:00,2026-08-02,QA,93258430,24,5146,22620,431110,458900
2026-08-03T03:31:24+08:00,2026-08-02,Release Manager,a85847fe,76,10401,46856,1811498,1868831
2026-08-03T03:35:31+08:00,2026-08-02,Architect,9e5dca2e,28,6403,45471,651233,703135
2026-08-03T03:37:16+08:00,2026-08-02,Engineer,63f0b7d4,56,6378,41374,1252208,1300016
2026-08-03T03:39:20+08:00,2026-08-02,Reviewer,5d9315cc,32,3639,24214,528961,556846
2026-08-03T03:40:43+08:00,2026-08-02,QA,58c55f58,30,3409,20078,518299,541816
2026-08-03T03:42:01+08:00,2026-08-02,Release Manager,4373a8ba,58,7992,43653,1366445,1418148
2026-08-03T03:45:28+08:00,2026-08-02,Architect,97078786,52,12797,54109,1391125,1458083
2026-08-03T03:48:31+08:00,2026-08-02,Engineer,255cf74a,146,20599,75298,4547026,4643069
2026-08-03T03:53:45+08:00,2026-08-02,Reviewer,1b756f3d,24,2996,24751,397631,425402
2026-08-03T03:55:34+08:00,2026-08-02,QA,636560f3,28,3777,18003,464214,486022
2026-08-03T03:56:48+08:00,2026-08-02,Release Manager,e68ee051,74,10389,49379,1863201,1923043
2026-08-03T04:00:50+08:00,2026-08-02,Architect,25c514da,36,11515,53274,922129,986954
2026-08-03T04:03:22+08:00,2026-08-02,Engineer,9871af42,54,6762,40183,1206239,1253238
2026-08-03T04:05:30+08:00,2026-08-02,Reviewer,351aea1a,20,1932,19577,308373,329902
2026-08-03T04:06:19+08:00,2026-08-02,QA,d9185aee,26,3253,17943,450547,471769
2026-08-03T04:07:28+08:00,2026-08-02,Release Manager,ad7c3041,76,11041,46837,1900259,1958213
2026-08-03T04:11:22+08:00,2026-08-02,Architect,c95a3616,54,10634,53413,1444160,1508261
2026-08-03T04:14:06+08:00,2026-08-02,Engineer,a1daf00a,72,8744,37626,1499307,1545749
2026-08-03T04:16:38+08:00,2026-08-02,Reviewer,8a96cef6,36,4885,28004,638692,671617
2026-08-03T04:18:09+08:00,2026-08-02,QA,dc1a0dbb,26,2885,17435,420919,441265
2026-08-03T04:19:19+08:00,2026-08-02,Release Manager,560fb1e5,66,8562,41647,1497959,1548234
2026-08-03T04:23:11+08:00,2026-08-02,Architect,a264d1a7,68,12021,59762,1904400,1976251
2026-08-03T04:26:14+08:00,2026-08-02,Engineer,d23df485,100,13492,59283,2765865,2838740
2026-08-03T04:29:56+08:00,2026-08-02,Reviewer,9e45cfb6,54,9666,35049,1090737,1135506
2026-08-03T22:00:19+08:00,2026-08-03,Architect,04105381,54,13729,57784,1581505,1653072
2026-08-03T22:04:04+08:00,2026-08-03,Engineer,fe61d354,38,4641,35067,764101,803847
2026-08-03T22:05:42+08:00,2026-08-03,Reviewer,b7649c7e,24,2783,18433,395408,416648
2026-08-03T22:06:55+08:00,2026-08-03,QA,9438efd7,34,3949,21312,595268,620563
2026-08-03T22:08:34+08:00,2026-08-03,Release Manager,7e7306d3,80,10475,44551,1942837,1997943
2026-08-03T22:13:22+08:00,2026-08-03,Architect,2bd02b5b,24,6994,43935,560044,610997
2026-08-03T22:15:23+08:00,2026-08-03,Engineer,8a35face,88,13222,60794,2412730,2486834
2026-08-03T22:19:31+08:00,2026-08-03,Reviewer,0a837950,34,5054,31073,621901,658062
2026-08-03T22:21:16+08:00,2026-08-03,QA,de68ed5d,30,3389,18085,500355,521859
2026-08-03T22:22:45+08:00,2026-08-03,Release Manager,7749e8f4,72,9195,33057,1503671,1545995
2026-08-03T22:26:55+08:00,2026-08-03,Architect,afe4f82d,48,10500,46789,1126608,1183945
2026-08-03T22:29:53+08:00,2026-08-03,Engineer,d5b93307,56,7143,41496,1228941,1277636
2026-08-03T22:32:24+08:00,2026-08-03,Reviewer,f87df1f3,28,3154,25186,461943,490311
2026-08-03T22:34:02+08:00,2026-08-03,QA,2f4fbd51,30,4574,22105,536765,563474
2026-08-03T22:35:44+08:00,2026-08-03,Release Manager,94703101,68,9735,36544,1518494,1564841
2026-08-03T22:39:53+08:00,2026-08-03,Architect,8f4545e4,44,10799,49313,1160312,1220468
2026-08-03T22:42:35+08:00,2026-08-03,Engineer,d0ed3fb7,54,6724,37130,1152555,1196463
2026-08-03T22:45:44+08:00,2026-08-03,Reviewer,9f07f5b3,26,3826,28443,472914,505209
2026-08-03T22:47:14+08:00,2026-08-03,QA,01e03577,18,3349,20633,314754,338754
2026-08-03T22:48:28+08:00,2026-08-03,Release Manager,043e2286,50,7568,33394,1046627,1087639
2026-08-03T22:52:03+08:00,2026-08-03,Architect,55c8db30,112,21933,67150,3403211,3492406
2026-08-03T22:57:46+08:00,2026-08-03,Engineer,f1db32e4,42,5001,37841,912595,955479
2026-08-04T03:00:12+08:00,2026-08-03,Reviewer,23cc86af,6,446,8468,80768,89688
2026-08-04T03:00:28+08:00,2026-08-03,QA,f2e240b7,6,398,9080,81419,90903
2026-08-04T03:00:44+08:00,2026-08-03,Release Manager,4c8fa5e0,20,2202,13087,313456,328765
2026-08-04T03:02:36+08:00,2026-08-03,Architect,b2d2c4ea,48,10166,45584,1114452,1170250
2026-08-04T03:05:14+08:00,2026-08-03,Engineer,0d854c3c,36,4240,32488,680799,717563
2026-08-04T03:07:01+08:00,2026-08-03,Reviewer,83854df7,24,2313,14982,382618,399937
2026-08-04T03:08:03+08:00,2026-08-03,QA,1caa4316,28,3215,20133,478564,501940
2026-08-04T03:09:18+08:00,2026-08-03,Release Manager,48a2f2bc,58,9483,36076,1271241,1316858
2026-08-04T03:12:47+08:00,2026-08-03,Architect,5e6c0562,54,12750,50115,1391635,1454554
2026-08-04T03:16:05+08:00,2026-08-03,Engineer,94873bdf,62,10339,42391,1381318,1434110
2026-08-04T03:19:09+08:00,2026-08-03,Reviewer,9a46db0f,32,4272,23735,524200,552239
2026-08-04T03:20:39+08:00,2026-08-03,QA,96ae085a,26,3236,17542,425162,445966
2026-08-04T03:21:52+08:00,2026-08-03,Release Manager,586b956c,66,7987,63046,1913202,1984301
2026-08-04T03:25:23+08:00,2026-08-03,Architect,b4d3dd51,52,10813,45628,1218531,1275024
2026-08-04T03:28:04+08:00,2026-08-03,Engineer,46e73842,56,6523,39591,1220037,1266207
2026-08-04T03:30:18+08:00,2026-08-03,Reviewer,7c3f57b0,26,3208,26786,438030,468050
2026-08-04T03:31:35+08:00,2026-08-03,QA,417c291a,26,2984,19101,435700,457811
2026-08-04T03:32:43+08:00,2026-08-03,Release Manager,448bfff3,58,8424,42400,1374321,1425203
2026-08-04T03:36:23+08:00,2026-08-03,Architect,10e56ca1,72,13428,51583,1776283,1841366
2026-08-04T03:39:50+08:00,2026-08-03,Engineer,804b72da,42,5019,36853,842153,884067
2026-08-04T03:41:32+08:00,2026-08-03,Reviewer,baa5aa90,32,3031,22148,524335,549546
2026-08-04T03:42:50+08:00,2026-08-03,QA,50169a3d,24,2698,18166,397903,418791
2026-08-04T03:43:52+08:00,2026-08-03,Release Manager,1389f6dc,116,24596,69860,3256327,3350899
2026-08-04T03:53:21+08:00,2026-08-03,Architect,828fcfa2,42,9966,48538,1054963,1113509
2026-08-04T03:55:58+08:00,2026-08-03,Engineer,aeea0ce3,66,11371,52120,1682782,1746339
2026-08-04T03:58:46+08:00,2026-08-03,Reviewer,d8b98114,32,4926,32751,597944,635653
2026-08-04T04:00:27+08:00,2026-08-03,QA,93231e87,28,3918,15642,451399,470987
2026-08-04T04:01:46+08:00,2026-08-03,Release Manager,e17684c3,70,10087,41833,1643174,1695164
2026-08-04T04:05:47+08:00,2026-08-03,Architect,d633f11c,62,12166,56198,1715652,1784078
2026-08-04T04:09:02+08:00,2026-08-03,Engineer,61123ec6,84,12767,52678,2123985,2189514
2026-08-04T04:12:40+08:00,2026-08-03,Reviewer,cfcfa692,20,2367,22258,321039,345684
2026-08-04T04:13:42+08:00,2026-08-03,QA,6ab4d57d,24,3252,20121,417545,440942
2026-08-04T04:15:02+08:00,2026-08-03,Release Manager,02ef0b9d,56,6900,32826,1151401,1191183
2026-08-04T04:18:20+08:00,2026-08-03,Architect,e044d235,30,6423,40776,624869,672098
2026-08-04T22:00:26+08:00,2026-08-04,Architect,6f9eac02,132,22762,81330,4656130,4760354
2026-08-04T22:06:55+08:00,2026-08-04,Engineer,5dad3de0,54,6584,33232,1046911,1086781
2026-08-04T22:09:12+08:00,2026-08-04,Reviewer,7dd58a69,30,3389,25447,507086,535952
2026-08-04T22:10:51+08:00,2026-08-04,QA,01150edd,18,3205,19069,301916,324208
2026-08-04T22:11:59+08:00,2026-08-04,Release Manager,9080abdf,66,7308,37637,1478245,1523256
2026-08-04T22:15:40+08:00,2026-08-04,Architect,bdcf3494,54,15004,57006,1517939,1590003
2026-08-04T22:19:42+08:00,2026-08-04,Engineer,29ad9f73,52,5660,33015,999664,1038391
2026-08-04T22:21:47+08:00,2026-08-04,Reviewer,21e5c92a,22,2496,21746,351162,375426
2026-08-04T22:22:57+08:00,2026-08-04,QA,a27c0cc1,28,3262,18793,465288,487371
2026-08-04T22:24:14+08:00,2026-08-04,Release Manager,c9233a45,56,6317,27809,1150898,1185080
2026-08-04T22:27:45+08:00,2026-08-04,Architect,182d15a2,46,11503,48901,1161390,1221840
2026-08-04T22:30:43+08:00,2026-08-04,Engineer,be805048,46,6206,38719,966121,1011092
2026-08-04T22:33:13+08:00,2026-08-04,Reviewer,4c4eda62,28,3238,24064,455535,482865
2026-08-04T22:34:38+08:00,2026-08-04,QA,d429e8fa,22,3493,20969,390811,415295
2026-08-04T22:36:01+08:00,2026-08-04,Release Manager,d1797134,58,7639,24858,1082274,1114829
2026-08-04T22:39:38+08:00,2026-08-04,Architect,fe334d87,114,25510,83253,3717837,3826714
2026-08-04T22:46:40+08:00,2026-08-04,Engineer,914a21cd,70,9145,46755,1607318,1663288
2026-08-04T22:49:45+08:00,2026-08-04,Reviewer,29464408,38,5688,31241,702910,739877
2026-08-04T22:51:52+08:00,2026-08-04,QA,a1bc2e36,26,3324,30072,494356,527778
2026-08-04T22:53:23+08:00,2026-08-04,Release Manager,ceb89481,54,7926,38988,1215439,1262407
2026-08-04T22:57:36+08:00,2026-08-04,Architect,335176bd,40,8945,48110,991413,1048508
2026-08-05T03:00:36+08:00,2026-08-04,Engineer,ee402650,46,8679,34742,1028744,1072211
2026-08-05T03:03:27+08:00,2026-08-04,Reviewer,c1b8aca5,24,2560,21856,389349,413789
2026-08-05T03:04:35+08:00,2026-08-04,QA,ae4c92c9,36,5269,21002,645463,671770
2026-08-05T03:06:14+08:00,2026-08-04,Release Manager,0c36476d,52,7071,34711,1078803,1120637
2026-08-05T03:09:38+08:00,2026-08-04,Architect,00ad5071,40,10598,50276,1049888,1110802
2026-08-05T03:12:19+08:00,2026-08-04,Engineer,2b62a5f1,54,7227,41349,1177550,1226180
2026-08-05T03:14:48+08:00,2026-08-04,Reviewer,49ae5ad0,20,2541,20786,315065,338412
2026-08-05T03:15:56+08:00,2026-08-04,QA,eb0e53e5,24,2878,23239,413990,440131
2026-08-05T03:17:03+08:00,2026-08-04,Release Manager,306380eb,60,7418,27840,1185685,1221003
2026-08-05T03:20:33+08:00,2026-08-04,Architect,2e8844c9,66,15668,55247,1726633,1797614
2026-08-05T03:24:32+08:00,2026-08-04,Engineer,28ef5323,44,5042,36911,925818,967815
2026-08-05T03:26:30+08:00,2026-08-04,Reviewer,b69ef046,28,2929,22542,459182,484681
2026-08-05T03:27:47+08:00,2026-08-04,QA,2f85f666,28,4317,20692,486465,511502
2026-08-05T03:29:21+08:00,2026-08-04,Release Manager,f6afb80f,50,5899,26199,920279,952427
2026-08-05T03:32:30+08:00,2026-08-04,Architect,f198859d,38,15757,54643,996406,1066844
2026-08-05T03:36:06+08:00,2026-08-04,Engineer,0bb4ba0c,40,5293,39720,869602,914655
2026-08-05T03:37:59+08:00,2026-08-04,Reviewer,d291a0b4,26,3498,24246,433011,460781
2026-08-05T03:39:21+08:00,2026-08-04,QA,344bcfa5,34,7071,27168,633338,667611
2026-08-05T03:41:30+08:00,2026-08-04,Release Manager,cae6975d,44,5943,34440,888280,928707
2026-08-05T03:44:35+08:00,2026-08-04,Architect,b23cc623,44,12082,49587,1079102,1140815
2026-08-05T03:47:33+08:00,2026-08-04,Engineer,d2eb092f,60,7876,43275,1366066,1417277
2026-08-05T03:50:25+08:00,2026-08-04,Reviewer,2b21f55f,30,3491,23539,496728,523788
2026-08-05T03:51:57+08:00,2026-08-04,QA,225899d0,20,3452,15294,315748,334514
2026-08-05T03:53:05+08:00,2026-08-04,Release Manager,a1166c4c,82,11650,35953,1756035,1803720
2026-08-05T03:57:46+08:00,2026-08-04,Architect,9aa5c4ef,34,14081,58220,892125,964460
2026-08-05T04:01:07+08:00,2026-08-04,Engineer,8b8522f1,62,10034,49192,1517385,1576673
2026-08-05T04:04:00+08:00,2026-08-04,Reviewer,7c44d67a,28,3226,23364,460226,486844
2026-08-05T04:05:38+08:00,2026-08-04,QA,8c76f361,26,3411,17900,432059,453396
2026-08-05T04:07:01+08:00,2026-08-04,Release Manager,fd3cd8e6,88,14208,41885,2054226,2110407
2026-08-05T04:12:10+08:00,2026-08-04,Architect,a57faa5c,46,11318,53804,1267638,1332806
2026-08-05T04:14:58+08:00,2026-08-04,Engineer,a2942d44,50,6244,45145,1168722,1220161
2026-08-05T04:17:09+08:00,2026-08-04,Reviewer,da096d78,30,3923,25036,500929,529918
2026-08-05T04:18:48+08:00,2026-08-04,QA,25634f2f,30,3627,24946,554790,583393
2026-08-05T04:20:23+08:00,2026-08-04,Release Manager,0a784aef,38,4152,30540,657481,692211
2026-08-05T22:00:16+08:00,2026-08-05,Architect,67009150,68,16441,65303,1929576,2011388
2026-08-05T22:03:54+08:00,2026-08-05,Engineer,795885ae,54,6940,41260,1153139,1201393
2026-08-05T22:06:11+08:00,2026-08-05,Reviewer,0cf57351,26,3332,27382,444007,474747
2026-08-05T22:07:29+08:00,2026-08-05,QA,6564cf62,26,2881,24658,465609,493174
2026-08-05T22:08:45+08:00,2026-08-05,Release Manager,7560f8bf,96,22409,62175,2597028,2681708
2026-08-05T22:15:48+08:00,2026-08-05,Architect,ba8f6472,88,18777,63999,2543920,2626784
2026-08-05T22:20:35+08:00,2026-08-05,Engineer,eca68578,48,6485,38534,1004850,1049917
2026-08-05T22:22:39+08:00,2026-08-05,Reviewer,1d1e240d,24,2335,21107,380875,404341
2026-08-05T22:23:41+08:00,2026-08-05,QA,b17e633d,28,3061,17024,460801,480914
2026-08-05T22:25:06+08:00,2026-08-05,Release Manager,88c8a035,56,9379,37269,1191720,1238424
2026-08-05T22:28:47+08:00,2026-08-05,Architect,430261c0,44,10054,49716,1143204,1203018
2026-08-05T22:31:25+08:00,2026-08-05,Engineer,241828a2,46,7260,40691,980540,1028537
2026-08-05T22:33:40+08:00,2026-08-05,Reviewer,ea354124,24,2990,22688,388603,414305
2026-08-05T22:34:58+08:00,2026-08-05,QA,30c3b11e,28,3353,30779,463300,497460
2026-08-05T22:36:23+08:00,2026-08-05,Release Manager,2de1d975,68,8418,31032,1382451,1421969
2026-08-05T22:40:11+08:00,2026-08-05,Architect,b2dbed82,82,15156,66540,2247426,2329204
2026-08-05T22:43:48+08:00,2026-08-05,Engineer,ab1c45da,52,7327,40211,1104491,1152081
2026-08-05T22:46:15+08:00,2026-08-05,Reviewer,eda24501,40,4974,26842,705660,737516
2026-08-05T22:48:04+08:00,2026-08-05,QA,a99be1b2,24,2552,20583,400893,424052
2026-08-05T22:49:20+08:00,2026-08-05,Release Manager,5d20c370,64,9300,41149,1364888,1415401
2026-08-05T22:53:17+08:00,2026-08-05,Architect,965b329f,30,3975,37598,588320,629923
2026-08-06T02:25:16+08:00,2026-08-05,Engineer,9bff30d3,2,303,8427,21652,30384
2026-08-06T03:25:37+08:00,2026-08-05,Reviewer,e285a79e,8,475,9596,112844,122923
2026-08-06T03:25:59+08:00,2026-08-05,QA,9ac9dd7b,6,438,12895,85742,99081
2026-08-06T03:26:16+08:00,2026-08-05,Release Manager,186c891f,22,2254,13115,346722,362113
2026-08-06T03:28:12+08:00,2026-08-05,Architect,53e1ef2d,58,17685,65224,1652419,1735386
2026-08-06T03:32:48+08:00,2026-08-05,Engineer,540c522f,48,6051,37097,991281,1034477
2026-08-06T03:35:15+08:00,2026-08-05,Reviewer,958fb749,26,2842,22311,417875,443054
2026-08-06T03:36:33+08:00,2026-08-05,QA,0e84dfd8,34,4403,25800,637896,668133
2026-08-06T03:38:18+08:00,2026-08-05,Release Manager,9d95c2ba,68,8315,32386,1412883,1453652
2026-08-06T03:42:23+08:00,2026-08-05,Architect,0aafdd05,80,26687,78236,2770253,2875256
2026-08-06T03:48:07+08:00,2026-08-05,Engineer,0e749b57,88,17431,51973,2050288,2119780
2026-08-06T03:52:26+08:00,2026-08-05,Reviewer,b305f88c,42,7697,37240,793361,838340
2026-08-06T03:54:42+08:00,2026-08-05,QA,add6009d,8,877,10219,110965,122069
2026-08-06T03:55:05+08:00,2026-08-05,Release Manager,a07c109f,22,2304,15378,352072,369776
2026-08-06T03:57:08+08:00,2026-08-05,Architect,29b53ee7,22,6546,48269,522493,577330
2026-08-06T03:59:04+08:00,2026-08-05,Engineer,a7f0efde,34,4284,25489,678600,708407
2026-08-06T04:01:24+08:00,2026-08-05,Reviewer,51bf899d,32,3724,21329,571041,596126
2026-08-06T04:03:01+08:00,2026-08-05,QA,b9607ffc,32,3994,19931,544044,568001
2026-08-06T04:04:28+08:00,2026-08-05,Release Manager,21c52983,52,9563,40383,1174216,1224214
2026-08-06T04:08:35+08:00,2026-08-05,Architect,17957689,34,7067,46338,830083,883522
2026-08-06T04:11:13+08:00,2026-08-05,Engineer,a9da1909,50,6570,38471,1047195,1092286
2026-08-06T04:13:56+08:00,2026-08-05,Reviewer,373af3f4,28,3721,24958,469073,497780
2026-08-06T04:15:16+08:00,2026-08-05,QA,eb837077,28,3300,14657,448140,466125
2026-08-06T04:16:29+08:00,2026-08-05,Release Manager,7a32a8f6,54,6603,24056,1006469,1037182
2026-08-06T04:20:21+08:00,2026-08-05,Architect,aea1e1ec,62,19317,73835,1963151,2056365
2026-08-06T04:26:28+08:00,2026-08-05,Engineer,424eaf98,40,5363,38308,858844,902555
2026-08-06T04:29:01+08:00,2026-08-05,Reviewer,2c6f28b8,12,2305,23814,192691,218822
2026-08-06T04:29:47+08:00,2026-08-05,QA,6e46a7a8,24,3451,25649,434017,463141
2026-08-06T04:31:01+08:00,2026-08-05,Release Manager,62ed467d,50,6782,27296,948126,982254
2026-08-06T04:34:43+08:00,2026-08-05,Architect,458ebd5d,74,17626,70363,2454079,2542142
2026-08-06T04:39:58+08:00,2026-08-05,Engineer,a0e4ac5c,50,7472,47637,1225952,1281111
2026-08-06T04:42:02+08:00,2026-08-05,Reviewer,fcc594c6,28,3067,24120,462815,490030
2026-08-06T04:43:12+08:00,2026-08-05,QA,b69d3940,24,2793,20130,410930,433877
2026-08-06T04:44:29+08:00,2026-08-05,Release Manager,7e82964d,58,7538,36664,1282897,1327157
2026-08-06T04:47:57+08:00,2026-08-05,Architect,bff54239,32,11015,48684,736257,795988
2026-08-06T22:00:18+08:00,2026-08-06,Architect,ddbf30bd,12,2941,26482,198842,228277
2026-08-06T22:01:19+08:00,2026-08-06,Engineer,237cd625,132,21099,79295,4258760,4359286
2026-08-06T22:07:40+08:00,2026-08-06,Reviewer,cc13a6e5,34,5389,34684,665760,705867
2026-08-06T22:10:00+08:00,2026-08-06,QA,a62f3895,38,5258,21867,719202,746365
2026-08-06T22:11:54+08:00,2026-08-06,Release Manager,63e7c273,52,11183,40690,1174055,1225980
2026-08-06T22:15:58+08:00,2026-08-06,Architect,7f59be8b,56,26823,80235,2118731,2225845
2026-08-06T22:21:16+08:00,2026-08-06,Engineer,7b702c26,42,5626,41140,941866,988674
2026-08-06T22:23:17+08:00,2026-08-06,Reviewer,ed0cefd2,32,4174,26614,563526,594346
2026-08-06T22:24:53+08:00,2026-08-06,QA,35f2e5c2,34,3676,20634,600975,625319
2026-08-06T22:26:23+08:00,2026-08-06,Release Manager,ae3683e7,58,8833,38112,1371035,1418038
2026-08-06T22:30:08+08:00,2026-08-06,Architect,27a072eb,62,17798,65747,1804729,1888336
2026-08-06T22:34:16+08:00,2026-08-06,Engineer,e2da92a1,118,24199,74833,3729821,3828971
2026-08-06T22:40:05+08:00,2026-08-06,Reviewer,65f5d9dc,30,5538,31727,559076,596371
2026-08-06T22:42:06+08:00,2026-08-06,QA,81b0cd66,28,4235,33306,581900,619469
2026-08-06T22:44:07+08:00,2026-08-06,Release Manager,490bd11a,74,10982,37167,1704347,1752570
2026-08-06T22:48:43+08:00,2026-08-06,Architect,379d936b,54,21571,66853,1613979,1702457
2026-08-07T03:23:53+08:00,2026-08-06,Engineer,ec918ccf,60,9786,36210,1385744,1431800
2026-08-07T03:27:26+08:00,2026-08-06,Reviewer,7ff26953,32,3963,26281,559850,590126
2026-08-07T03:28:46+08:00,2026-08-06,QA,aff2e8f3,26,2983,22990,487787,513786
2026-08-07T03:29:56+08:00,2026-08-06,Release Manager,18eae138,58,8589,32406,1248564,1289617
2026-08-07T03:33:29+08:00,2026-08-06,Architect,1751bd1d,60,13549,63449,1893176,1970234
2026-08-07T03:36:53+08:00,2026-08-06,Engineer,2ec4eef6,50,8282,43302,1137319,1188953
2026-08-07T03:39:20+08:00,2026-08-06,Reviewer,9bb7a0e2,28,3793,24908,473018,501747
2026-08-07T03:40:46+08:00,2026-08-06,QA,b384c3c0,24,3996,23630,423193,450843
2026-08-07T03:42:25+08:00,2026-08-06,Release Manager,d772eb3c,58,8720,37587,1253320,1299685
2026-08-07T03:46:01+08:00,2026-08-06,Architect,8efe705b,64,18683,64845,1931426,2015018
2026-08-07T03:49:58+08:00,2026-08-06,Engineer,35382bd0,44,5534,39821,984129,1029528
2026-08-07T03:51:44+08:00,2026-08-06,Reviewer,141e02ee,20,1947,19383,306056,327406
2026-08-07T03:52:46+08:00,2026-08-06,QA,5b045d5a,24,2935,22260,444472,469691
2026-08-07T03:54:04+08:00,2026-08-06,Release Manager,86523fa4,52,7493,30796,1095254,1133595
2026-08-07T03:57:28+08:00,2026-08-06,Architect,e1dc1d03,93,17549,60629,1622355,1700626
2026-08-07T04:01:37+08:00,2026-08-06,Engineer,f0ff4de4,42,4876,37182,876535,918635
2026-08-07T04:03:19+08:00,2026-08-06,Reviewer,6ef7eefc,28,3078,21836,453539,478481
2026-08-07T04:04:37+08:00,2026-08-06,QA,700949f3,28,3945,24544,515732,544249
2026-08-07T04:05:55+08:00,2026-08-06,Release Manager,046044e2,78,9237,32380,1617271,1658966
2026-08-07T04:09:55+08:00,2026-08-06,Architect,cd9d422c,42,13341,62666,1234424,1310473
2026-08-07T04:12:41+08:00,2026-08-06,Engineer,69bee8ab,46,5445,38205,983017,1026713
2026-08-07T04:14:23+08:00,2026-08-06,Reviewer,a19a028b,20,2400,19992,308383,330795
2026-08-07T04:15:26+08:00,2026-08-06,QA,b8f75912,22,3220,14729,349922,367893
2026-08-07T04:16:35+08:00,2026-08-06,Release Manager,f9c79a4f,60,7936,42731,1516565,1567292
2026-08-07T04:20:57+08:00,2026-08-06,Architect,efcc2344,46,12264,48133,1106091,1166534
2026-08-07T04:23:48+08:00,2026-08-06,Engineer,e276398a,54,6176,35278,1077815,1119323
2026-08-07T04:25:50+08:00,2026-08-06,Reviewer,9eb7812a,36,5172,27096,634567,666871
2026-08-07T04:27:40+08:00,2026-08-06,QA,825eb75c,24,3263,21217,408484,432988
2026-08-07T04:28:50+08:00,2026-08-06,Release Manager,7cfcfe4c,62,8465,45488,1553568,1607583
2026-08-07T04:32:26+08:00,2026-08-06,Architect,8bacb307,42,14814,63830,1187307,1265993
2026-08-07T04:35:24+08:00,2026-08-06,Engineer,42ac9902,44,6041,42796,993811,1042692
2026-08-07T04:37:16+08:00,2026-08-06,Reviewer,35b022c9,36,3830,28501,649659,682026
2026-08-07T04:38:40+08:00,2026-08-06,QA,35a82fb5,20,3219,14476,315637,333352
2026-08-07T04:39:45+08:00,2026-08-06,Release Manager,9b70f6c7,6,409,9503,81623,91541
2026-08-07T22:00:19+08:00,2026-08-07,Architect,01c45cba,34,9519,54110,924810,988473
2026-08-07T22:02:45+08:00,2026-08-07,Engineer,adfe667c,18,4441,33999,292816,331274
2026-08-07T22:03:58+08:00,2026-08-07,Reviewer,2d6242d0,10,1003,10803,143458,155274
2026-08-07T22:04:26+08:00,2026-08-07,QA,42e28c26,8,1200,10726,112583,124517
2026-08-07T22:04:53+08:00,2026-08-07,Release Manager,fd60f0a7,64,7475,36450,1361583,1405572
2026-08-07T22:08:32+08:00,2026-08-07,Architect,73103a11,56,19725,71700,1844698,1936179
2026-08-07T22:12:28+08:00,2026-08-07,Engineer,21d3acba,136,18570,72143,4367747,4458596
2026-08-07T22:17:26+08:00,2026-08-07,Reviewer,3e0d593c,50,10239,42398,1114297,1166984
2026-08-07T22:20:16+08:00,2026-08-07,QA,08815481,6,533,11265,81676,93480
2026-08-07T22:20:36+08:00,2026-08-07,Release Manager,3c1971b7,28,3086,18678,474605,496397
2026-08-07T22:23:35+08:00,2026-08-07,Architect,b5475db2,28,8660,52489,702821,763998
2026-08-07T22:25:35+08:00,2026-08-07,Engineer,848bcb4d,36,3972,31203,697590,732801
2026-08-07T22:27:05+08:00,2026-08-07,Reviewer,c3401252,32,6118,28014,611927,646091
2026-08-07T22:28:58+08:00,2026-08-07,QA,d6476ee0,28,4433,23390,521331,549182
2026-08-07T22:30:26+08:00,2026-08-07,Release Manager,aa9cb29e,66,9723,55923,1693832,1759544
2026-08-07T22:34:24+08:00,2026-08-07,Architect,2ef002c3,28,7661,53571,747937,809197
2026-08-07T22:36:11+08:00,2026-08-07,Engineer,7e0abb58,116,16494,66542,3518224,3601376
2026-08-07T22:40:42+08:00,2026-08-07,Reviewer,636f4328,28,4904,30501,499468,534901
2026-08-07T22:42:16+08:00,2026-08-07,QA,471a2401,26,4045,20642,457276,481989
2026-08-07T22:43:39+08:00,2026-08-07,Release Manager,284318cf,82,15468,50158,2148062,2213770
2026-08-07T22:48:46+08:00,2026-08-07,Architect,fc22bc84,34,7551,50316,846837,904738
2026-08-08T03:21:13+08:00,2026-08-07,Reviewer,e0d469c2,6,533,11173,82498,94210
2026-08-08T03:21:31+08:00,2026-08-07,QA,e1b23217,10,872,11123,147658,159663
2026-08-08T03:21:57+08:00,2026-08-07,Release Manager,369ea750,18,2003,13995,285423,301439
2026-08-08T03:23:47+08:00,2026-08-07,Architect,e31f33b7,22,11621,52515,545532,609690
2026-08-08T03:26:08+08:00,2026-08-07,Engineer,1f3b3238,44,6001,46254,1034572,1086871
2026-08-08T03:27:56+08:00,2026-08-07,Reviewer,e267ce1b,30,3389,26267,512480,542166
2026-08-08T03:29:11+08:00,2026-08-07,QA,65784bb5,28,3567,24181,512665,540441
2026-08-08T03:30:34+08:00,2026-08-07,Release Manager,3591973f,78,15674,59717,2063926,2139395
2026-08-08T03:35:18+08:00,2026-08-07,Architect,f66fd09c,28,6472,50999,741765,799264
2026-08-08T03:36:56+08:00,2026-08-07,Engineer,210c737e,46,5935,44330,1067106,1117417
2026-08-08T03:38:44+08:00,2026-08-07,Reviewer,57b1902d,24,3147,25698,405831,434700
2026-08-08T03:39:51+08:00,2026-08-07,QA,4144e0eb,18,3151,19299,296292,318760
2026-08-08T03:40:53+08:00,2026-08-07,Release Manager,cb716fdc,60,11451,66462,1711737,1789710
2026-08-08T03:44:46+08:00,2026-08-07,Architect,ca3c16a4,24,9163,52199,599756,661142
2026-08-08T03:46:54+08:00,2026-08-07,Engineer,e3a3f9f6,46,5464,38704,970942,1015156
2026-08-08T03:48:42+08:00,2026-08-07,Reviewer,84566403,22,2375,22989,356308,381694
2026-08-08T03:50:03+08:00,2026-08-07,QA,3ba6c4a8,30,4900,25671,565542,596143
2026-08-08T03:51:54+08:00,2026-08-07,Release Manager,dc66b228,54,8246,33659,1130734,1172693
2026-08-08T03:55:04+08:00,2026-08-07,Architect,d7df9f75,32,9488,45257,766787,821564
2026-08-08T03:57:08+08:00,2026-08-07,Engineer,6c9ad3e3,50,5973,42646,1181203,1229872
2026-08-08T03:59:00+08:00,2026-08-07,Reviewer,edb2d0a5,30,4100,25173,505100,534403
2026-08-08T04:00:20+08:00,2026-08-07,QA,3fd14591,26,3465,19486,442424,465401
2026-08-08T04:01:31+08:00,2026-08-07,Release Manager,821bcc1d,54,8692,57393,1467198,1533337
2026-08-08T04:04:58+08:00,2026-08-07,Architect,0453d518,40,8920,45227,967689,1021876
2026-08-08T04:07:03+08:00,2026-08-07,Engineer,1038e620,44,6065,42452,1019509,1068070
2026-08-08T04:08:51+08:00,2026-08-07,Reviewer,7bfcbe9c,28,4646,22289,456840,483803
2026-08-08T04:10:13+08:00,2026-08-07,QA,1259bc0c,26,3645,19056,441521,464248
2026-08-08T04:11:28+08:00,2026-08-07,Release Manager,da0eee34,66,10949,42259,1606881,1660155
2026-08-08T04:15:40+08:00,2026-08-07,Architect,cb33459d,36,9709,48193,833548,891486
2026-08-08T04:17:52+08:00,2026-08-07,Engineer,3c678c26,46,5458,37687,966393,1009584
2026-08-08T04:19:43+08:00,2026-08-07,Reviewer,90f49633,30,4398,24405,507045,535878
2026-08-08T04:21:02+08:00,2026-08-07,QA,a4c18121,30,3434,20321,525167,548952
2026-08-08T04:22:16+08:00,2026-08-07,Release Manager,aa71306f,68,10259,63487,1915058,1988872
2026-08-08T04:26:05+08:00,2026-08-07,Architect,5db8596d,42,10789,52408,1084818,1148057
2026-08-08T04:28:45+08:00,2026-08-07,Engineer,ad1fff17,52,6231,42315,1167977,1216575
2026-08-08T04:30:50+08:00,2026-08-07,Reviewer,5ee6610b,2,139,13838,15863,29842
2026-08-08T22:00:18+08:00,2026-08-08,Architect,6caee08d,64,20864,70868,2057647,2149443
2026-08-08T22:05:22+08:00,2026-08-08,Engineer,10d0a381,10,3329,29383,154297,187019
2026-08-08T22:06:12+08:00,2026-08-08,Reviewer,ba44514d,28,4171,20893,500035,525127
2026-08-08T22:07:38+08:00,2026-08-08,QA,5cbfd071,28,3619,18449,478238,500334
2026-08-08T22:09:00+08:00,2026-08-08,Release Manager,51827da1,72,9586,38893,1645643,1694194
2026-08-08T22:12:43+08:00,2026-08-08,Architect,160ba800,46,22242,68981,1311059,1402328
2026-08-08T22:16:30+08:00,2026-08-08,Engineer,320ddc8c,126,27558,90894,4517174,4635752
2026-08-08T22:22:44+08:00,2026-08-08,Reviewer,8ef602ac,28,7532,35812,547612,590984
2026-08-08T22:24:46+08:00,2026-08-08,QA,fd099540,30,4241,29244,619732,653247
2026-08-08T22:26:07+08:00,2026-08-08,Release Manager,ae0791ad,56,10445,48594,1425426,1484521
2026-08-08T22:29:48+08:00,2026-08-08,Architect,4a14c811,70,17180,65260,2157536,2240046
2026-08-08T22:33:50+08:00,2026-08-08,Engineer,eeaaf2c6,48,5828,41956,1078477,1126309
2026-08-08T22:35:41+08:00,2026-08-08,Reviewer,01aa14d0,22,2700,22377,358873,383972
2026-08-08T22:36:41+08:00,2026-08-08,QA,08e48f07,26,3333,30275,510350,543984
2026-08-08T22:37:50+08:00,2026-08-08,Release Manager,089a9ab4,66,8362,28606,1317828,1354862
2026-08-08T22:41:24+08:00,2026-08-08,Architect,aef70e34,44,16008,58452,1249268,1323772
2026-08-08T22:44:52+08:00,2026-08-08,Engineer,c9eef5b9,50,5911,40747,1108899,1155607
2026-08-08T22:46:43+08:00,2026-08-08,Reviewer,cb1953fc,22,2751,22305,356870,381948
2026-08-08T22:47:47+08:00,2026-08-08,QA,8851c256,24,2951,29634,476714,509323
2026-08-08T22:48:49+08:00,2026-08-08,Release Manager,496cd41a,80,11034,40858,1845709,1897681
2026-08-08T22:52:58+08:00,2026-08-08,Architect,59954097,60,20145,76149,2073356,2169710
2026-08-08T22:57:16+08:00,2026-08-08,Engineer,cbb50660,74,12602,61605,2158775,2233056
2026-08-08T23:00:28+08:00,2026-08-08,Reviewer,d56d0390,38,4906,28534,695165,728643
2026-08-08T23:02:08+08:00,2026-08-08,QA,46d3e083,8,1126,10801,112626,124561
2026-08-09T02:33:03+08:00,2026-08-08,Release Manager,25b65d31,30,4095,19407,524650,548182
2026-08-09T02:35:24+08:00,2026-08-08,Architect,2417844b,22,6058,50101,499756,555937
2026-08-09T02:37:09+08:00,2026-08-08,Engineer,26ec90bf,56,7716,39039,1296134,1342945
2026-08-09T02:39:31+08:00,2026-08-08,Reviewer,602cb11b,26,3316,25324,427461,456127
2026-08-09T02:40:36+08:00,2026-08-08,QA,0be482a2,40,6214,23011,730627,759892
2026-08-09T02:42:25+08:00,2026-08-08,Release Manager,c3a8201f,70,14738,49218,1800040,1864066
2026-08-09T02:46:48+08:00,2026-08-08,Architect,2c7476a6,90,21691,81627,3447970,3551378
2026-08-09T02:51:47+08:00,2026-08-08,Engineer,531ab2bc,50,5819,41736,1085695,1133300
2026-08-09T02:53:39+08:00,2026-08-08,Reviewer,68bb149c,24,3026,23158,392539,418747
2026-08-09T02:54:47+08:00,2026-08-08,QA,a065a3fc,26,3253,27716,511399,542394
2026-08-09T02:56:03+08:00,2026-08-08,Release Manager,a7a043b5,56,8347,37197,1282347,1327947
2026-08-09T02:59:36+08:00,2026-08-08,Architect,78f71e5d,48,14018,66647,1443376,1524089
2026-08-09T03:02:34+08:00,2026-08-08,Engineer,d542cd0f,78,14076,58264,2163935,2236353
2026-08-09T03:05:59+08:00,2026-08-08,Reviewer,77d3131a,34,5733,37131,731471,774369
2026-08-09T03:07:43+08:00,2026-08-08,QA,8b2b9ba3,28,3263,31442,556913,591646
2026-08-09T03:08:58+08:00,2026-08-08,Release Manager,48d260de,66,9885,41645,1619520,1671116
2026-08-09T03:12:43+08:00,2026-08-08,Architect,d9c83a65,66,24081,76375,2090665,2191187
2026-08-09T03:17:34+08:00,2026-08-08,Engineer,683ace48,48,6217,40751,1071447,1118463
2026-08-09T03:19:25+08:00,2026-08-08,Reviewer,7b564ef5,26,4262,24599,429251,458138
2026-08-09T03:20:33+08:00,2026-08-08,QA,11e7506e,26,2980,27114,489324,519444
2026-08-09T03:21:38+08:00,2026-08-08,Release Manager,5be2fe32,66,8906,37614,1505566,1552152
2026-08-09T03:25:04+08:00,2026-08-08,Architect,c5a6dbbe,58,20861,72528,1880593,1974040
2026-08-09T03:29:16+08:00,2026-08-08,Engineer,1f4034be,44,5500,43308,1066205,1115057
2026-08-09T03:30:57+08:00,2026-08-08,Reviewer,9c4e4ae2,20,2920,21928,320394,345262
2026-08-09T03:31:54+08:00,2026-08-08,QA,a47b6fae,24,3312,18402,399899,421637
2026-08-09T03:32:58+08:00,2026-08-08,Release Manager,09c6148d,82,13464,38425,1844253,1896224
2026-08-09T03:37:15+08:00,2026-08-08,Architect,939e8d26,38,11973,59402,1005489,1076902
2026-08-09T03:39:56+08:00,2026-08-08,Engineer,038cd1b1,22,2528,38115,444587,485252
2026-08-09T22:00:17+08:00,2026-08-09,Architect,45c5d079,54,12248,74814,1914073,2001189
2026-08-09T22:03:17+08:00,2026-08-09,Engineer,0fffe75a,64,9049,41995,1397191,1448299
2026-08-09T22:06:34+08:00,2026-08-09,Reviewer,86be10f8,24,3133,25489,396063,424709
2026-08-09T22:07:47+08:00,2026-08-09,QA,d3934938,28,4243,21265,496448,521984
2026-08-09T22:09:08+08:00,2026-08-09,Release Manager,20cf3e45,38,3813,22961,699002,725814
2026-08-09T22:11:51+08:00,2026-08-09,Architect,6cd777bb,84,27975,92793,3070267,3191119
2026-08-09T22:17:35+08:00,2026-08-09,Engineer,31f57dbf,56,7825,40672,1235667,1284220
2026-08-09T22:19:57+08:00,2026-08-09,Reviewer,f7ce8e6c,28,4586,25183,480394,510191
2026-08-09T22:21:29+08:00,2026-08-09,QA,85e423a7,22,2745,26217,414658,443642
2026-08-09T22:22:43+08:00,2026-08-09,Release Manager,8c114faa,48,6652,41485,1138920,1187105
2026-08-09T22:25:51+08:00,2026-08-09,Architect,60121153,82,19153,74027,2677668,2770930
2026-08-09T22:30:11+08:00,2026-08-09,Engineer,a5eab2ee,44,6032,40850,959262,1006188
2026-08-09T22:32:01+08:00,2026-08-09,Reviewer,0dcecf06,24,3713,23689,407865,435291
2026-08-09T22:33:15+08:00,2026-08-09,QA,6cb229ad,28,3283,19187,474515,497013
2026-08-09T22:34:23+08:00,2026-08-09,Release Manager,f464d699,44,4175,19432,764672,788323
2026-08-09T22:37:06+08:00,2026-08-09,Architect,adff0ac8,84,25752,80007,2941792,3047635
2026-08-09T22:42:22+08:00,2026-08-09,Engineer,00c9e989,54,12803,42861,1205254,1260972
2026-08-09T22:45:15+08:00,2026-08-09,Reviewer,6d6a8134,28,7727,31493,537898,577146
2026-08-09T22:47:09+08:00,2026-08-09,QA,9d0fd783,24,3336,16175,396359,415894
2026-08-09T22:48:23+08:00,2026-08-09,Release Manager,c77711b4,56,8664,39288,1364537,1412545
2026-08-09T22:52:27+08:00,2026-08-09,Architect,c50e103d,34,14269,60429,976101,1050833
2026-08-09T22:55:18+08:00,2026-08-09,Engineer,1739c16f,46,5826,47069,1141845,1194786
2026-08-09T22:57:16+08:00,2026-08-09,Reviewer,b4f47f97,28,3286,22757,464450,490521
2026-08-09T22:58:28+08:00,2026-08-09,QA,ba2b2f5a,22,3816,28786,436457,469081
2026-08-09T22:59:46+08:00,2026-08-09,Release Manager,2dcc66ff,64,8101,32639,1315719,1356523
2026-08-09T23:03:31+08:00,2026-08-09,Architect,5fe94982,80,25029,81219,2943839,3050167
2026-08-09T23:09:24+08:00,2026-08-09,Engineer,60b41e68,50,6500,47851,1183828,1238229
2026-08-10T03:11:40+08:00,2026-08-09,Reviewer,11065b6c,6,376,13735,85775,99892
2026-08-10T03:11:55+08:00,2026-08-09,QA,f0a53151,8,699,9989,112480,123176
2026-08-10T03:12:17+08:00,2026-08-09,Release Manager,b2d54c79,16,1546,17674,272807,292043
2026-08-10T03:14:01+08:00,2026-08-09,Architect,a2de8831,50,11221,62759,1474365,1548395
2026-08-10T03:16:46+08:00,2026-08-09,Engineer,2d1778c9,80,14665,63618,2285038,2363401
2026-08-10T03:20:27+08:00,2026-08-09,Reviewer,10074e18,26,4767,28828,469858,503479
2026-08-10T03:21:57+08:00,2026-08-09,QA,59426c35,24,3926,19266,408800,432016
2026-08-10T03:23:06+08:00,2026-08-09,Release Manager,65021ad6,64,7206,35076,1342197,1384543
2026-08-10T03:26:29+08:00,2026-08-09,Architect,27aac767,36,18992,81331,1240716,1341075
2026-08-10T03:30:00+08:00,2026-08-09,Engineer,000da3fa,46,5487,38665,993437,1037635
2026-08-10T03:31:46+08:00,2026-08-09,Reviewer,b86892a3,26,2881,24480,433896,461283
2026-08-10T03:32:59+08:00,2026-08-09,QA,8df08169,26,4373,20894,448918,474211
2026-08-10T03:34:18+08:00,2026-08-09,Release Manager,d41e9382,60,8196,57093,1566641,1631990
2026-08-10T03:37:54+08:00,2026-08-09,Architect,2f4b5664,62,19518,72391,1972045,2064016
2026-08-10T03:41:57+08:00,2026-08-09,Engineer,adfb61fc,82,17835,63657,2361816,2443390
2026-08-10T03:46:01+08:00,2026-08-09,Reviewer,5d4caaac,26,3073,24610,438515,466224
2026-08-10T03:47:25+08:00,2026-08-09,QA,8246c5b1,38,4433,28346,779054,811871
2026-08-10T03:49:11+08:00,2026-08-09,Release Manager,a6bc954b,164,1643,14299,287517,303623
2026-08-11T22:00:19+08:00,2026-08-11,Architect,e52c849e,84,31638,99732,3494438,3625892
2026-08-11T22:06:55+08:00,2026-08-11,Engineer,a7b992c1,50,7034,34523,999568,1041175
2026-08-11T22:09:06+08:00,2026-08-11,Reviewer,8bdea834,20,3939,26647,359558,390164
2026-08-11T22:10:29+08:00,2026-08-11,QA,f5e4c061,28,2824,30607,540869,574328
2026-08-11T22:11:45+08:00,2026-08-11,Release Manager,af7e2847,76,13963,49199,1921230,1984468
2026-08-11T22:16:35+08:00,2026-08-11,Architect,4fea8ef4,104,30560,100163,4294786,4425613
2026-08-11T22:23:10+08:00,2026-08-11,Engineer,b1ec0906,130,21350,83534,4279195,4384209
2026-08-11T22:28:37+08:00,2026-08-11,Reviewer,cb19b5ab,36,6899,31352,684274,722561
2026-08-11T22:30:36+08:00,2026-08-11,QA,0a6c9251,14,1263,11601,212671,225549
2026-08-11T22:31:10+08:00,2026-08-11,Release Manager,2bad95ea,22,2803,16105,366607,385537
2026-08-11T22:33:12+08:00,2026-08-11,Architect,db2708b3,42,10877,63383,1275292,1349594
2026-08-11T22:36:07+08:00,2026-08-11,Engineer,c49d0e85,48,6350,36343,1006010,1048751
2026-08-11T22:38:01+08:00,2026-08-11,Reviewer,b2c58966,28,5526,27016,507060,539630
2026-08-11T22:39:41+08:00,2026-08-11,QA,679ff448,28,4266,21865,516573,542732
2026-08-11T22:41:05+08:00,2026-08-11,Release Manager,1e002320,66,7845,32047,1411829,1451787
2026-08-11T22:44:45+08:00,2026-08-11,Architect,94c376ee,56,13180,74053,2065929,2153218
2026-08-11T22:47:53+08:00,2026-08-11,Engineer,f43a5f72,24,1858,34317,443081,479280
2026-08-12T03:19:16+08:00,2026-08-11,Reviewer,370a6ab6,10,555,10832,149128,160525
2026-08-12T03:19:38+08:00,2026-08-11,QA,e273c815,6,421,9732,83056,93215
2026-08-12T03:19:54+08:00,2026-08-11,Release Manager,6380f2fd,18,2514,15142,293059,310733
2026-08-12T03:21:47+08:00,2026-08-11,Architect,aaab7410,44,34605,101050,1816743,1952442
2026-08-12T03:28:34+08:00,2026-08-11,Engineer,50401d8c,90,17078,54630,2328592,2400390
2026-08-12T03:32:54+08:00,2026-08-11,Reviewer,4cb4d330,26,4100,26819,458206,489151
2026-08-12T03:34:14+08:00,2026-08-11,QA,0abd512a,24,2816,21657,450681,475178
2026-08-12T03:35:18+08:00,2026-08-11,Release Manager,5d3357c9,80,10332,46890,2098231,2155533
2026-08-12T03:39:06+08:00,2026-08-11,Architect,45a944b8,68,18995,67858,2206475,2293396
2026-08-12T03:43:00+08:00,2026-08-11,Engineer,85dd079f,110,16353,71723,3592578,3680764
2026-08-12T03:47:06+08:00,2026-08-11,Reviewer,175612a1,20,2600,30365,378783,411768
2026-08-12T03:48:08+08:00,2026-08-11,QA,b29b9747,34,4863,34358,707799,747054
2026-08-12T03:49:34+08:00,2026-08-11,Release Manager,b74b5c51,76,9214,33159,1632514,1674963
2026-08-12T03:53:17+08:00,2026-08-11,Architect,db6e15d5,62,10661,58345,1741984,1811052
2026-08-12T03:55:54+08:00,2026-08-11,Engineer,5952f3df,54,6404,42181,1243972,1292611
2026-08-12T03:57:48+08:00,2026-08-11,Reviewer,a62e7201,24,2907,23980,408327,435238
2026-08-12T03:58:55+08:00,2026-08-11,QA,87d764c0,32,3656,25148,587250,616086
2026-08-12T04:00:12+08:00,2026-08-11,Release Manager,5c4bbf66,76,9009,31464,1607046,1647595
2026-08-12T04:03:48+08:00,2026-08-11,Architect,bb78e882,8048,18967,82968,2685799,2795782
2026-08-12T04:07:50+08:00,2026-08-11,Engineer,2f0cd962,94,15819,64898,2749072,2829883
2026-08-12T04:11:38+08:00,2026-08-11,Reviewer,aa137964,30,3974,32062,578630,614696
2026-08-12T04:13:23+08:00,2026-08-11,QA,a33ac581,22,4181,31551,458666,494420
2026-08-12T04:14:39+08:00,2026-08-11,Release Manager,14e6180e,68,13938,58259,1972863,2045128
2026-08-12T04:19:37+08:00,2026-08-11,Architect,0c6ca4d1,62,21932,87574,2216769,2326337
2026-08-12T04:24:19+08:00,2026-08-11,Engineer,63399265,50,6526,43511,1188840,1238927
2026-08-12T22:00:17+08:00,2026-08-12,Architect,417b7dc4,114,45193,120837,5284915,5451059
2026-08-12T22:10:04+08:00,2026-08-12,Engineer,6f380e04,170,24738,85065,5648814,5758787
2026-08-12T22:16:36+08:00,2026-08-12,Reviewer,c44e4e73,52,7965,41891,1092111,1142019
2026-08-12T22:22:12+08:00,2026-08-12,QA,ff361692,40,5926,22464,745979,774409
2026-08-12T22:24:03+08:00,2026-08-12,Release Manager,837ed253,78,18004,63984,2395114,2477180
2026-08-12T22:29:15+08:00,2026-08-12,Architect,36e74c18,74,26115,97844,2919818,3043851
2026-08-12T22:34:25+08:00,2026-08-12,Engineer,ea0ed53b,48,6070,42748,1103926,1152792
2026-08-12T22:36:12+08:00,2026-08-12,Reviewer,f48f2801,24,3115,20777,386594,410510
2026-08-12T22:37:24+08:00,2026-08-12,QA,d745ed08,34,5919,22094,613852,641899
2026-08-12T22:39:07+08:00,2026-08-12,Release Manager,bc2591d4,70,9946,41328,1654898,1706242
2026-08-12T22:45:05+08:00,2026-08-12,Architect,b6341ac6,64,27731,96146,2591812,2715753
2026-08-12T22:50:38+08:00,2026-08-12,Engineer,78fe94ff,28,8309,29286,481682,519305
2026-08-13T03:22:59+08:00,2026-08-12,Reviewer,64dff391,8,446,9527,114040,124021
2026-08-13T03:23:19+08:00,2026-08-12,QA,ceb79f99,10,595,10997,149778,161380
2026-08-13T03:23:39+08:00,2026-08-12,Release Manager,13bd5121,26,2716,18400,443422,464564
2026-08-13T03:25:35+08:00,2026-08-12,Architect,b2d5f8d3,58,18874,84134,2190139,2293205
2026-08-13T03:29:45+08:00,2026-08-12,Engineer,6f85adbe,90,19667,62953,2538978,2621688
2026-08-13T03:34:08+08:00,2026-08-12,Reviewer,b19e6f6c,38,9043,33546,734380,777007
2026-08-13T03:36:23+08:00,2026-08-12,QA,6b35a7b0,14,2236,13883,225263,241396
2026-08-13T03:37:01+08:00,2026-08-12,Release Manager,fb98ecb5,22,2376,17812,374348,394558
2026-08-13T03:38:59+08:00,2026-08-12,Architect,3280f564,20,3533,40586,406659,450798
2026-08-13T03:40:07+08:00,2026-08-12,Engineer,f31c5289,62,12726,40058,1463932,1516778
2026-08-13T03:43:03+08:00,2026-08-12,Reviewer,685afbf7,28,5605,24969,528092,558694
2026-08-13T03:44:40+08:00,2026-08-12,QA,ba2bcb15,36,5000,21823,655228,682087
2026-08-13T03:46:11+08:00,2026-08-12,Release Manager,bc4e2e9f,72,9194,48275,1922443,1979984
2026-08-13T03:49:44+08:00,2026-08-12,Architect,6d3cfc98,42,12975,71054,1442707,1526778
2026-08-13T03:52:19+08:00,2026-08-12,Engineer,558e9ed4,50,6575,47238,1220919,1274782
2026-08-13T03:54:11+08:00,2026-08-12,Reviewer,a085db9b,26,4305,26259,459598,490188
2026-08-13T03:55:30+08:00,2026-08-12,QA,1de64154,28,3230,33880,570682,607820
2026-08-13T03:56:42+08:00,2026-08-12,Release Manager,a63b8ccc,92,11374,38213,2108507,2158186
2026-08-13T04:00:45+08:00,2026-08-12,Architect,d46ecbd8,50,22777,79249,1793518,1895594
2026-08-13T04:05:00+08:00,2026-08-12,Engineer,77161193,110,15493,56947,2864609,2937159
2026-08-13T04:08:51+08:00,2026-08-12,Reviewer,36ad5798,42,6277,32736,817063,856118
2026-08-13T04:10:45+08:00,2026-08-12,QA,f6b1794a,22,2735,16138,364673,383568
2026-08-13T04:11:43+08:00,2026-08-12,Release Manager,6fe9ccda,86,13659,56220,2472771,2542736
2026-08-13T04:16:07+08:00,2026-08-12,Architect,9e5a69f0,54,19872,69954,1707905,1797785
2026-08-13T04:20:02+08:00,2026-08-12,Engineer,c7e581d3,46,6663,43717,1094835,1145261
2026-08-13T04:21:49+08:00,2026-08-12,Reviewer,aaea4a72,24,3160,29751,452224,485159
2026-08-13T04:22:58+08:00,2026-08-12,QA,1412d8fd,26,3791,40940,586020,630777
2026-08-13T04:24:12+08:00,2026-08-12,Release Manager,1235613c,88,15281,61620,2553887,2630876
2026-08-13T22:00:22+08:00,2026-08-13,Architect,e6f9aaf0,86,30376,97837,3508557,3636856
2026-08-13T22:06:31+08:00,2026-08-13,Engineer,8aaa1bfb,120,16599,58475,3173683,3248877
2026-08-13T22:11:14+08:00,2026-08-13,Reviewer,1e588abd,32,4371,32005,611362,647770
2026-08-13T22:12:45+08:00,2026-08-13,QA,1fcb9765,30,3742,41883,662157,707812
2026-08-13T22:14:08+08:00,2026-08-13,Release Manager,03575bf0,60,6808,33826,1267743,1308437
2026-08-13T22:17:22+08:00,2026-08-13,Architect,fbc56308,120,40657,118987,5959217,6118981
2026-08-13T22:29:30+08:00,2026-08-13,Reviewer,ce5e5613,8,684,16829,111254,128775
2026-08-13T22:29:53+08:00,2026-08-13,QA,c69d0c7f,8,461,9501,114070,124040
2026-08-13T22:30:11+08:00,2026-08-13,Release Manager,c69d4571,20,2380,15064,331964,349428
2026-08-13T22:32:07+08:00,2026-08-13,Architect,2d7ba326,24,3495,45818,553872,603209
2026-08-13T22:33:14+08:00,2026-08-13,Engineer,5076f8d8,44,6304,30721,912198,949267
2026-08-13T22:35:29+08:00,2026-08-13,Reviewer,485e1945,46,5344,29991,875431,910812
2026-08-13T22:38:01+08:00,2026-08-13,QA,45ff76f3,48,9912,29276,948681,987917
2026-08-13T22:41:30+08:00,2026-08-13,Release Manager,6b0f788c,52,8345,28710,964329,1001436
2026-08-13T22:45:52+08:00,2026-08-13,Architect,0535f5c4,42,25635,90492,1337070,1453239
2026-08-14T03:23:48+08:00,2026-08-13,Engineer,b3965e03,92,19505,62826,2827373,2909796
2026-08-14T03:28:24+08:00,2026-08-13,Reviewer,4d04a3b5,36,8314,31905,678233,718488
2026-08-14T03:30:51+08:00,2026-08-13,QA,cd3ceeba,42,7260,52194,1220817,1280313
2026-08-14T03:33:01+08:00,2026-08-13,Release Manager,4194af2d,94,11957,83328,3065544,3160923
2026-08-14T03:37:28+08:00,2026-08-13,Architect,acd58cd8,108,39983,102048,4378339,4520478
2026-08-14T03:45:41+08:00,2026-08-13,Engineer,3fdda380,46,5670,48871,1171152,1225739
2026-08-14T03:47:24+08:00,2026-08-13,Reviewer,54e78554,28,2940,25854,488483,517305
2026-08-14T03:48:34+08:00,2026-08-13,QA,9847e22b,28,2935,18880,487126,508969
2026-08-14T03:49:36+08:00,2026-08-13,Release Manager,29594f61,96,12934,41774,2259174,2313978
2026-08-14T03:54:00+08:00,2026-08-13,Architect,b8fdb5ce,112,45356,124872,5414322,5584662
2026-08-14T04:03:04+08:00,2026-08-13,Engineer,baceeb43,146,26221,101219,6152169,6279755
2026-08-14T04:08:51+08:00,2026-08-13,Reviewer,0c402d0e,34,4065,30721,629766,664586
2026-08-14T04:10:20+08:00,2026-08-13,QA,83081a0a,22,3359,17227,368078,388686
2026-08-14T04:11:28+08:00,2026-08-13,Release Manager,2c4eb1dd,56,7904,33586,1172583,1214129
2026-08-14T04:14:45+08:00,2026-08-13,Architect,2b8572fd,72,27419,108404,3437436,3573331
2026-08-14T04:19:53+08:00,2026-08-13,Engineer,84862431,54,7177,40474,1157747,1205452
2026-08-14T04:21:50+08:00,2026-08-13,Reviewer,4e1b30ca,26,3076,23591,433172,459865
2026-08-14T04:22:57+08:00,2026-08-13,QA,033eb9de,30,3650,19408,525030,548118
2026-08-14T04:24:08+08:00,2026-08-13,Release Manager,15443bfd,70,10392,33053,1509079,1552594
2026-08-14T04:27:55+08:00,2026-08-13,Architect,900f19c2,12,1934,44215,221265,267426
2026-08-14T22:16:38+08:00,2026-08-14,Architect,19a3ac18,100,23399,80432,3536232,3640163
2026-08-14T22:22:05+08:00,2026-08-14,Engineer,bfd987a0,52,6615,53691,1409140,1469498
2026-08-14T22:24:07+08:00,2026-08-14,Reviewer,ddf7c2fb,24,4219,28017,441275,473535
2026-08-14T22:25:25+08:00,2026-08-14,QA,adac5f48,24,2835,36351,508638,547848
2026-08-14T22:26:32+08:00,2026-08-14,Release Manager,36b3999e,88,9127,58642,2256535,2324392
2026-08-14T22:30:29+08:00,2026-08-14,Architect,e83a9d2f,54,23130,93610,1950152,2066946
2026-08-14T22:40:34+08:00,2026-08-14,Engineer,06b06709,126,23778,88978,4827942,4940824
2026-08-14T22:46:42+08:00,2026-08-14,Reviewer,b1bc7f2c,34,7398,35766,682770,725968
2026-08-14T22:48:55+08:00,2026-08-14,QA,22433302,36,4405,25760,688106,718307
2026-08-14T22:50:30+08:00,2026-08-14,Release Manager,3f4033e4,62,8156,37807,1431964,1477989
2026-08-14T22:53:58+08:00,2026-08-14,Architect,74574727,70,16748,86360,2728722,2831900
2026-08-14T22:57:33+08:00,2026-08-14,Engineer,eaf6dd99,52,6560,56955,1524412,1587979
2026-08-14T22:59:38+08:00,2026-08-14,Reviewer,93caaf50,10,793,16617,146307,163727
2026-08-15T03:31:10+08:00,2026-08-14,Release Manager,dc071f6f,28,3203,16535,482222,501988
2026-08-15T03:33:27+08:00,2026-08-14,Architect,8b3c49c8,32,4887,63587,796550,865056
2026-08-15T03:35:07+08:00,2026-08-14,Engineer,592c3a79,18,4696,15582,294040,314336
2026-08-15T03:36:22+08:00,2026-08-14,Reviewer,031e0ff8,20,4408,20235,352978,377641
2026-08-15T03:37:42+08:00,2026-08-14,QA,40b12911,30,3799,38280,662162,704271
2026-08-15T03:39:03+08:00,2026-08-14,Release Manager,cbb109f9,64,8450,40269,1496669,1545452
2026-08-15T03:42:35+08:00,2026-08-14,Architect,33cc05a4,64,26286,93848,2402246,2522444
2026-08-15T03:47:47+08:00,2026-08-14,Engineer,84f3f46a,164,30198,98415,6906984,7035761
2026-08-15T03:54:41+08:00,2026-08-14,Reviewer,04133eaa,44,8984,41878,1003656,1054562
2026-08-15T03:57:09+08:00,2026-08-14,QA,8c5230ca,28,4160,42448,661903,708539
2026-08-15T03:58:36+08:00,2026-08-14,Release Manager,49a9c7fe,70,8618,61129,1783007,1852824
2026-08-15T04:02:21+08:00,2026-08-14,Architect,ac30768b,84,28631,97930,3322907,3449552
2026-08-15T04:07:57+08:00,2026-08-14,Engineer,32c5d9fa,54,7345,48117,1385730,1441246
2026-08-15T04:10:00+08:00,2026-08-14,Reviewer,a05f5fc0,20,2754,21459,327246,351479
2026-08-15T04:11:00+08:00,2026-08-14,QA,caf304ca,28,3178,16440,481675,501321
2026-08-15T04:12:15+08:00,2026-08-14,Release Manager,c49a3906,52,10426,31432,1076756,1118666
2026-08-15T04:15:52+08:00,2026-08-14,Architect,a94da306,68,41942,106538,2752619,2901167
2026-08-15T04:24:05+08:00,2026-08-14,Engineer,0f5875dd,56,6362,51504,1483364,1541286
2026-08-15T04:26:08+08:00,2026-08-14,Reviewer,fac471da,24,3711,23718,404974,432427
2026-08-15T04:27:21+08:00,2026-08-14,QA,90b22307,20,3085,35249,409331,447685
2026-08-15T04:28:25+08:00,2026-08-14,Release Manager,e9888ac3,76,10940,34175,1671537,1716728
2026-08-15T04:32:21+08:00,2026-08-14,Architect,029fece5,54,17419,76096,1838378,1931947
2026-08-15T04:35:52+08:00,2026-08-14,Engineer,4d074f1a,12,1105,36416,184418,221951
2026-08-15T22:00:17+08:00,2026-08-15,Architect,461b93b1,14,2591,48061,313940,364606
2026-08-15T22:01:14+08:00,2026-08-15,Engineer,06d09b5b,86,11514,56300,2616180,2684080
2026-08-15T22:04:17+08:00,2026-08-15,Reviewer,1f2d5746,22,2780,23132,372668,398602
2026-08-15T22:05:22+08:00,2026-08-15,QA,b2f6c19d,30,4859,32909,644005,681803
2026-08-15T22:06:55+08:00,2026-08-15,Release Manager,b064384d,60,10018,52402,1704721,1767201
2026-08-15T22:10:25+08:00,2026-08-15,Architect,871b78b0,76,26745,99714,3105438,3231973
2026-08-15T22:15:39+08:00,2026-08-15,Engineer,ce8edab9,42,5545,48946,1058303,1112836
2026-08-15T22:17:20+08:00,2026-08-15,Reviewer,5729cd3e,36,5785,32700,679859,718380
2026-08-15T22:18:48+08:00,2026-08-15,QA,0c85a602,30,3685,43593,694576,741884
2026-08-15T22:20:07+08:00,2026-08-15,Release Manager,f5f9edb8,64,9793,48582,1718211,1776650
2026-08-15T22:23:43+08:00,2026-08-15,Architect,94289c4e,2663,29882,105011,3806959,3944515
2026-08-15T22:29:15+08:00,2026-08-15,Engineer,dfb42465,140,25673,95481,5704884,5826178
2026-08-15T22:35:11+08:00,2026-08-15,Reviewer,6812da87,30,5932,35658,619225,660845
2026-08-15T22:36:53+08:00,2026-08-15,QA,f2b9a34a,28,4399,41007,625762,671196
2026-08-15T22:38:16+08:00,2026-08-15,Release Manager,48062129,674,7512,50577,1494686,1553449
2026-08-15T22:41:25+08:00,2026-08-15,Architect,20012496,114,35074,104623,4856007,4995818
2026-08-15T22:48:39+08:00,2026-08-15,Engineer,d6eb496c,62,8128,56238,1773521,1837949
2026-08-15T22:50:59+08:00,2026-08-15,Reviewer,f950dc33,28,3351,22987,478963,505329
2026-08-15T22:52:08+08:00,2026-08-15,QA,9fef2ff8,36,3998,41800,869906,915740
2026-08-15T22:53:32+08:00,2026-08-15,Release Manager,fdd62dd6,74,11058,38268,1704479,1753879
2026-08-15T22:57:21+08:00,2026-08-15,Architect,7a50390c,42,15615,73724,1365354,1454735
2026-08-15T23:00:19+08:00,2026-08-15,Engineer,8833c2a9,16,1343,35554,269342,306255
2026-08-16T03:01:34+08:00,2026-08-15,Reviewer,a9dfd394,14,2717,17212,241615,261558
2026-08-16T03:02:24+08:00,2026-08-15,QA,491a23c9,8,655,16668,114329,131660
2026-08-16T03:02:45+08:00,2026-08-15,Release Manager,c029cc65,22,2568,14390,364949,381929
2026-08-16T03:04:35+08:00,2026-08-15,Architect,82a99c18,24,3574,40588,496518,540704
2026-08-16T03:05:37+08:00,2026-08-15,Engineer,d313107d,98,15965,73010,3315980,3405053
2026-08-16T03:09:34+08:00,2026-08-15,Reviewer,dd1f1a20,36,9099,37334,747584,794053
2026-08-16T03:11:54+08:00,2026-08-15,QA,677cd288,24,3543,26682,495565,525814
2026-08-16T03:13:03+08:00,2026-08-15,Release Manager,100a8f37,66,7097,29656,1365890,1402709
2026-08-16T03:16:20+08:00,2026-08-15,Architect,5ae1c0de,54,32119,123616,2778499,2934288
2026-08-16T03:21:50+08:00,2026-08-15,Engineer,d2763ee8,50,5872,46241,1238952,1291115
2026-08-16T03:23:39+08:00,2026-08-15,Reviewer,f88f700d,28,4287,25744,484506,514565
2026-08-16T03:25:01+08:00,2026-08-15,QA,75a026ee,38,4287,23681,719794,747800
2026-08-16T03:26:28+08:00,2026-08-15,Release Manager,d278eb74,54,7569,44517,1337353,1389493
2026-08-16T03:29:34+08:00,2026-08-15,Architect,1d91dbe0,66,29731,81681,2346379,2457857
2026-08-16T03:34:54+08:00,2026-08-15,Engineer,1a5d3b6d,70,9725,54020,1939300,2003115
2026-08-16T03:37:27+08:00,2026-08-15,Reviewer,af8c281a,24,2966,23265,409683,435938
2026-08-16T03:38:34+08:00,2026-08-15,QA,e60a4b2a,36,3932,19744,652211,675923
2026-08-16T03:39:52+08:00,2026-08-15,Release Manager,b7fe9282,70,9842,40604,1651909,1702425
2026-08-16T03:43:27+08:00,2026-08-15,Architect,a4f5bc75,98,23984,96064,3891902,4012048
2026-08-16T03:48:40+08:00,2026-08-15,Engineer,c54c0ed4,52,6880,49213,1340069,1396214
2026-08-16T03:50:34+08:00,2026-08-15,Reviewer,b77eb93d,32,3755,25086,560223,589096
2026-08-16T03:51:56+08:00,2026-08-15,QA,c74b4ac1,24,3045,50167,602890,656126
2026-08-16T03:53:02+08:00,2026-08-15,Release Manager,ea82cf15,60,8850,47854,1607166,1663930
2026-08-16T03:56:20+08:00,2026-08-15,Architect,7f0bd9f3,54,27308,89880,2037459,2154701
2026-08-16T04:01:05+08:00,2026-08-15,Engineer,092e2ce0,66,9414,55674,1797576,1862730
2026-08-16T22:00:24+08:00,2026-08-16,Architect,d366b0ca,26,4377,44793,593163,642359
2026-08-16T22:01:49+08:00,2026-08-16,Engineer,e4e6a724,64,10560,51462,1813287,1875373
2026-08-16T22:04:50+08:00,2026-08-16,Reviewer,797ea8ac,48,5795,36289,976286,1018418
2026-08-16T22:06:49+08:00,2026-08-16,QA,2bf297b1,40,5149,19928,727016,752133
2026-08-16T22:08:23+08:00,2026-08-16,Release Manager,86d137d5,60,6619,32651,1351894,1391224
2026-08-16T22:11:33+08:00,2026-08-16,Architect,1afa2ead,70,31644,96590,2930625,3058929
2026-08-16T22:17:43+08:00,2026-08-16,Engineer,045d50df,46,5969,51549,1262329,1319893
2026-08-16T22:19:30+08:00,2026-08-16,Reviewer,1d2d8333,18,4957,25150,296791,326916
2026-08-16T22:20:43+08:00,2026-08-16,QA,409726ea,26,3025,20397,467100,490548
2026-08-16T22:21:55+08:00,2026-08-16,Release Manager,9aa0ec25,74,10151,38989,1826300,1875514
2026-08-16T22:25:38+08:00,2026-08-16,Architect,9c12e20d,100,27997,119754,5059911,5207762
2026-08-16T22:31:27+08:00,2026-08-16,Engineer,95b53b26,48,6795,51612,1313441,1371896
2026-08-16T22:33:24+08:00,2026-08-16,Reviewer,21b68f22,24,3640,24169,413613,441446
2026-08-16T22:34:41+08:00,2026-08-16,QA,dfeb3ada,24,3123,42201,508070,553418
2026-08-16T22:35:49+08:00,2026-08-16,Release Manager,218bf38f,74,10388,67979,2184533,2262974
2026-08-16T22:39:36+08:00,2026-08-16,Architect,c9734867,112,42115,127003,5587907,5757137
2026-08-16T22:48:15+08:00,2026-08-16,Engineer,ccbb0bd4,48,6019,45870,1167025,1218962
2026-08-16T22:50:05+08:00,2026-08-16,Reviewer,5a08e85d,20,4686,26829,343779,375314
2026-08-16T22:51:39+08:00,2026-08-16,QA,82873e89,24,2955,17974,414498,435451
2026-08-16T22:52:43+08:00,2026-08-16,Release Manager,b66beba2,74,8517,54332,1813701,1876624
2026-08-16T22:56:18+08:00,2026-08-16,Architect,2e695e08,68,19558,70352,2126894,2216872
2026-08-16T23:00:05+08:00,2026-08-16,Engineer,4b10eee5,66,9505,57963,1838081,1905615
2026-08-16T23:02:46+08:00,2026-08-16,Reviewer,54b4c389,36,4441,27418,652857,684752
2026-08-16T23:04:20+08:00,2026-08-16,QA,734e489a,10,804,10215,149821,160850
2026-08-17T03:05:26+08:00,2026-08-16,Release Manager,1c64f66f,32,2936,19921,581940,604829
2026-08-17T03:07:31+08:00,2026-08-16,Architect,0b32b11a,20,4118,41299,424096,469533
2026-08-17T03:08:46+08:00,2026-08-16,Engineer,62b99706,20,4946,31230,378219,414415
2026-08-17T03:10:10+08:00,2026-08-16,Reviewer,f6697f89,10,1157,10882,150017,162066
2026-08-17T03:10:37+08:00,2026-08-16,QA,77cb1adb,26,2949,18737,461887,483599
2026-08-17T03:11:43+08:00,2026-08-16,Release Manager,05a98ed6,68,9984,48558,1719555,1778165
2026-08-17T03:15:24+08:00,2026-08-16,Architect,83bcc48e,76,22862,87280,2725507,2835725
2026-08-17T03:20:13+08:00,2026-08-16,Engineer,72ed310a,46,6231,50989,1252881,1310147
2026-08-17T03:22:07+08:00,2026-08-16,Reviewer,6b7beb1b,22,2796,28246,394705,425769
2026-08-17T03:23:11+08:00,2026-08-16,QA,2302ce54,28,3890,25801,535217,564936
2026-08-17T03:24:30+08:00,2026-08-16,Release Manager,98a21ce2,88,11624,36512,1997947,2046171
2026-08-17T03:28:31+08:00,2026-08-16,Architect,1c6008c6,94,27811,101420,4041295,4170620
2026-08-17T03:34:09+08:00,2026-08-16,Engineer,984fe8e1,54,8238,50500,1421388,1480180
2026-08-17T03:36:24+08:00,2026-08-16,Reviewer,1950c566,36,7335,31647,699410,738428
2026-08-17T03:38:24+08:00,2026-08-16,QA,c524ebeb,28,4867,29709,568047,602651
2026-08-17T03:39:48+08:00,2026-08-16,Release Manager,bf862e7a,84,10206,33434,1805873,1849597
2026-08-17T03:43:39+08:00,2026-08-16,Architect,7418434f,106,24002,91469,4091211,4206788
2026-08-17T03:48:53+08:00,2026-08-16,Engineer,c30bab67,52,6902,48756,1342296,1398006
2026-08-17T03:50:48+08:00,2026-08-16,Reviewer,e334bd89,22,2620,28119,421700,452461
2026-08-17T03:51:46+08:00,2026-08-16,QA,e1969a87,26,3196,42769,567545,613536
2026-08-17T03:52:50+08:00,2026-08-16,Release Manager,c92c7cbd,68,9371,47878,1847263,1904580
2026-08-17T03:56:23+08:00,2026-08-16,Architect,3747211f,64,23679,81687,2322268,2427698
2026-08-17T04:00:49+08:00,2026-08-16,Engineer,60d55a15,82,16507,73282,2774562,2864433
2026-08-17T04:04:41+08:00,2026-08-16,Reviewer,7cd64bed,30,6830,32804,571065,610729
2026-08-17T04:06:29+08:00,2026-08-16,QA,862b901f,12,1505,12452,188328,202297
2026-08-17T04:07:03+08:00,2026-08-16,Release Manager,6d23ba11,26,3047,24051,514406,541530
2026-08-17T04:09:08+08:00,2026-08-16,Architect,a4feef9e,18,5897,50615,392671,449201
2026-08-17T22:00:17+08:00,2026-08-17,Architect,addbb5e4,2780,3794,74350,415634,496558
2026-08-17T22:01:25+08:00,2026-08-17,Engineer,05e14459,34,3185,21075,632573,656867
2026-08-17T22:02:40+08:00,2026-08-17,Reviewer,1c1851fe,28,6298,27057,538535,571918
2026-08-17T22:04:25+08:00,2026-08-17,QA,2f78d8cb,34,4693,120421,781186,906334
2026-08-17T22:05:57+08:00,2026-08-17,Release Manager,ccc07393,94,14159,60889,2614900,2690042
2026-08-17T22:11:42+08:00,2026-08-17,Architect,372baa59,100,43260,124227,5153070,5320657
2026-08-17T22:20:25+08:00,2026-08-17,Engineer,93f12206,52,6220,47256,1317278,1370806
2026-08-17T22:22:22+08:00,2026-08-17,Reviewer,99a83b83,470,4404,27776,511445,544095
2026-08-17T22:23:50+08:00,2026-08-17,QA,0e865c7a,32,4064,30546,682969,717611
2026-08-17T22:25:18+08:00,2026-08-17,Release Manager,7de7e311,78,10044,59663,2127941,2197726
2026-08-17T22:29:27+08:00,2026-08-17,Architect,bff15447,44,18116,99991,1876822,1994973
2026-08-18T02:03:37+08:00,2026-08-17,Engineer,c0c8979a,98,18707,64898,3089068,3172771
2026-08-18T02:08:08+08:00,2026-08-17,Reviewer,b918e9c9,40,7419,31499,775560,814518
2026-08-18T02:10:16+08:00,2026-08-17,QA,d028aae7,28,3545,26969,544782,575324
2026-08-18T02:11:40+08:00,2026-08-17,Release Manager,92b02696,44,4544,29480,833818,867886
2026-08-18T02:14:37+08:00,2026-08-17,Architect,096222ec,24,3889,70286,613851,688050
2026-08-18T02:15:52+08:00,2026-08-17,Engineer,dd894f51,54,10124,45854,1396569,1452601
2026-08-18T02:18:50+08:00,2026-08-17,Reviewer,c3adead8,46,7101,35852,955989,998988
2026-08-18T02:21:28+08:00,2026-08-17,QA,7ad06292,52,8148,25623,996970,1030793
2026-08-18T02:26:22+08:00,2026-08-17,Release Manager,93f7c6d9,88,12991,55832,2347957,2416868
2026-08-18T02:30:59+08:00,2026-08-17,Architect,adb97908,112,45885,139881,5824094,6009972
2026-08-18T02:40:10+08:00,2026-08-17,Engineer,4c1c7b38,48,6513,48723,1235216,1290500
2026-08-18T02:42:10+08:00,2026-08-17,Reviewer,9e384cb1,22,2207,21356,362592,386177
2026-08-18T02:43:22+08:00,2026-08-17,QA,5262a6eb,30,3511,21416,533616,558573
2026-08-18T02:44:45+08:00,2026-08-17,Release Manager,2f3857a8,70,10532,69476,2181367,2261445
2026-08-18T02:48:29+08:00,2026-08-17,Architect,dd5137e5,116,37305,128700,6133099,6299220
2026-08-18T02:56:21+08:00,2026-08-17,Engineer,96725235,52,7126,49186,1384638,1441002
2026-08-18T02:58:23+08:00,2026-08-17,Reviewer,901b20b8,38,4697,26134,693597,724466
2026-08-18T03:00:00+08:00,2026-08-17,QA,28fe8891,32,4317,24740,614328,643417
2026-08-18T03:01:25+08:00,2026-08-17,Release Manager,0b419678,72,9310,53040,1934585,1997007
2026-08-18T03:05:24+08:00,2026-08-17,Architect,b4b48c6e,100,27510,97577,3991870,4117057
2026-08-18T03:11:19+08:00,2026-08-17,Engineer,f0a06294,32,5492,48637,751315,805476
